/*
SQLyog Community Edition- MySQL GUI v6.07
Host - 5.0.45-community-nt : Database - match_engine
*********************************************************************
Server version : 5.0.45-community-nt
*/

/*!40101 SET NAMES utf8 */;

/*!40101 SET SQL_MODE=''*/;

create database if not exists `match_engine`;

USE `match_engine`;

/*!40014 SET @OLD_FOREIGN_KEY_CHECKS=@@FOREIGN_KEY_CHECKS, FOREIGN_KEY_CHECKS=0 */;
/*!40101 SET @OLD_SQL_MODE=@@SQL_MODE, SQL_MODE='NO_AUTO_VALUE_ON_ZERO' */;

/*Table structure for table `player` */

DROP TABLE IF EXISTS `player`;

CREATE TABLE `player` (
  `Id` int(11) NOT NULL auto_increment,
  `Team` int(11) default NULL,
  `FirstName` varchar(30) default NULL,
  `LastName` varchar(50) NOT NULL,
  `ShirtNo` int(11) default NULL,
  `Position` int(11) NOT NULL,
  PRIMARY KEY  (`Id`),
  KEY `FK_player` (`Team`),
  KEY `FK_playerpos` (`Position`),
  CONSTRAINT `FK_player` FOREIGN KEY (`Team`) REFERENCES `team` (`Id`) ON DELETE SET NULL ON UPDATE CASCADE
) ENGINE=InnoDB AUTO_INCREMENT=2065 DEFAULT CHARSET=utf8;

/*Data for the table `player` */

insert  into `player`(`Id`,`Team`,`FirstName`,`LastName`,`ShirtNo`,`Position`) values (1393,61,'Clinton','Nebbeling',1,1),(1394,61,'Innocent','Paskin',41,2),(1401,61,'Willem','Madida',91,2),(1402,61,'Mark','Buckley',7,2),(1403,61,'Pierre','Carnell',24,3),(1405,61,'Hans','Fish',82,3),(1408,61,'Neathan','Nebbeling',22,2),(1409,61,'Emille','Carnell',99,3),(1410,61,'Kennedy','Aspinall',64,3),(1411,61,'Hans','Radebe',43,4),(1414,61,'Paul','Madida',6,4),(1417,62,'Victor','Buljubasich',1,1),(1422,62,'Fabian','Catan',94,2),(1423,62,'Walter','Mhamed',31,2),(1424,62,'Pablo','Quinonez',52,2),(1426,62,'Martin Andres','Sanchez',47,3),(1428,62,'Leonardo','Lastorta',90,3),(1429,62,'Lorenzo','Boujon',25,3),(1432,62,'Juan Carlos','Suarez',2,3),(1434,62,'Jose Maria','Toedtli',69,4),(1435,62,'Carlos','Sarria',22,3),(1437,62,'Ariel','Bilardo',55,4),(1438,63,'Jim','Crick',72,2),(1439,63,'Gavin','Flitcroft',89,2),(1441,63,'Phil','Turner',87,2),(1447,63,'Jake','Potter',37,2),(1448,63,'Shane','Leighton',14,2),(1456,63,'Dean','Dule',2,3),(1459,63,'Kevin','Sweeney',40,3),(1460,63,'Ian','Butler',49,4),(1461,63,'Lee','Calderback',47,4),(1462,63,'Peter','Tuttle',1,1),(1463,63,'Dave','Weller',97,3),(1464,64,'Dirk','Jansen',15,2),(1467,64,'Volkmar','Falkenmayer',19,2),(1468,64,'Michael','Ritter',39,2),(1469,64,'Raphael','Hoimang',78,3),(1470,64,'Willi','Tremel',22,2),(1479,64,'Dirk','Spiedel',86,3),(1480,64,'Jorg','Kopper',84,3),(1481,64,'Jorg','Rill',10,4),(1482,64,'Michael','Walter',11,4),(1483,64,'Sebastian','Melzig',82,3),(1488,64,'Slavo','Hannig',23,1),(1489,65,'Guus','Van Dinteren',70,2),(1491,65,'Rob','Van Zundert',23,1),(1493,65,'Martin','Stricker',45,2),(1494,65,'Marino','Jurriens',39,2),(1495,65,'Patrick','De Jong',51,2),(1502,65,'Mark','Karremans',94,3),(1506,65,'Ronny','Knopper',37,3),(1507,65,'Sjaak','Verbeek',65,4),(1509,65,'Nico','Graef',72,4),(1510,65,'Okkie','Oltmans',69,4),(1511,65,'Edwin','Verel',73,4),(1513,66,'Alessandro','Tamburro',1,1),(1517,66,'Loris','Sala',77,2),(1518,66,'Luigi','Cavalli',3,2),(1519,66,'Daniele','Ferieri',92,2),(1521,66,'Stefano','Favero',66,2),(1522,66,'Emanuele','Terrera',50,3),(1523,66,'Santo','Anaclerio',43,3),(1526,66,'Giuseppe','Sonzogni',47,3),(1532,66,'Stefano','Luciani',28,4),(1533,66,'Lorenzo','Barban',72,4),(1535,66,'Fabio','Califano',93,4),(1537,67,'Marques','Morrais',1,1),(1539,67,'Jeferson','Lopes',86,2),(1540,67,'Paulo Sergio','Vigo',48,2),(1541,67,'Alexandro','dos Santos',25,2),(1546,67,NULL,'Gomes',8,2),(1548,67,'Wellington','Vieira',64,3),(1549,67,'Robson','Machado',31,3),(1552,67,'Erlon','Jorge Lobo Zagallo',19,3),(1554,67,'Ronald','Arlindo Etges',20,3),(1555,67,NULL,'Anunciado de Oliveira',59,3),(1558,67,'Geovane','Silva',62,4),(1562,68,'Ignaki','Rivera',12,1),(1563,68,'Ruben','Perez',72,2),(1564,68,'Javier','Velazquez',78,2),(1565,68,'Francisco Javier','Rodriguez',19,2),(1567,68,'Gregorio','Fernandez Somoza',53,2),(1578,68,'Juan Jose','Nogueiro',52,3),(1579,68,'Bartolome','Fernandez Mas',35,3),(1580,68,'Juan Miguel','Terente',51,3),(1581,68,'Juan Victor','Sobrino Rodriguez',25,4),(1582,68,'Ruben','Cristobal',90,4),(1583,68,'Lucas','Hoyas',6,3),(1586,69,'Saul','Hermosillo',12,1),(1595,69,'Miguel Angel','Luna',66,2),(1596,69,'Osvaldo','Beltran',91,2),(1597,69,'Ramon','Ramirez',28,3),(1598,69,'David','Espinosa',50,2),(1599,69,'Oscar','Oteo',52,2),(1604,69,'Manuel','Tena',92,4),(1605,69,'Osvaldo','Torrado',33,3),(1606,69,'Rafael','Luna',59,4),(1607,69,'Damian','Trevino',22,3),(1608,69,'Oscar','Garcia Aspe',82,3),(1610,70,NULL,'Agbonavbare',12,1),(1611,70,'Lanre Bimbo','Oliseh',52,2),(1612,70,'Jonathan','Barkire',5,3),(1615,70,'Nathaniel','Isibor',69,2),(1616,70,'Chima','Uwe',39,2),(1620,70,'Samuel','Fregene',61,2),(1627,70,'Andrew','Siasia',75,3),(1628,70,'Chidi','Nwakire',85,4),(1629,70,'Dele','Lawal',13,3),(1630,70,'Azubike','Siasia',55,3),(1631,70,'Michael','Ifejiagwa',51,3),(1633,71,'Chris','Gorgue',1,1),(1637,71,'Flavio','Jones',39,2),(1640,71,'Enrique','Walsh',58,2),(1641,71,'Michael','Counce',19,2),(1642,71,'Michael','Taylor',17,2),(1648,71,'Michael','Cooks',21,4),(1650,71,'Kasey','Lee',13,3),(1651,71,'Scott','Van Saun',0,3),(1652,71,'Daryl','Wise',47,3),(1653,71,'Rafael','Moxom',28,4),(1654,71,'Randy','Berhalter',89,3),(1656,72,'Lou','Anastasiadis',92,3),(1657,72,'Frank','Palomino',1,1),(1658,72,'Mark','Anastasiadis',54,2),(1659,72,'George','Sterjovski',4,3),(1660,72,'Robert','Enes',85,2),(1661,72,'Scott','Wiltshire',33,3),(1662,72,'Scott','Moore',78,3),(1667,72,'Michael','Schwarzer',79,2),(1668,72,'Matthew','Thompson',28,2),(1678,72,'Joe','Bacak',18,4),(1680,72,'Mark','Seal',71,4),(1681,73,'Marc','Hansen',1,1),(1688,73,'Christian','Mortesen',25,4),(1691,73,'Ole','Jensen',97,2),(1692,73,'Michael','Theil',55,2),(1693,73,'Dan','Pedersen',37,2),(1694,73,'Soren','Thomsen',89,2),(1700,73,'Jeppe Aaen','Panduro',82,3),(1701,73,'Rasmus','Skovdahl',84,3),(1702,73,'Jens Erik','Kjaar',81,3),(1703,73,'Bent','Thomasberg',44,4),(1704,73,'Jesper','Johansen',2,3),(1706,74,'Rubin','Campos',12,1),(1707,74,'Roberto Miguel','Lopez',47,2),(1708,74,'Carlos','Lugo',35,2),(1711,74,'Roque','Sanabria',92,2),(1712,74,'Roberto','Tavarelli',95,2),(1720,74,'Miguel Angel','Sarabia',97,3),(1722,74,'Gustavo','Morel Rodriguez',68,3),(1723,74,'Juan Carlos','Santa Cruz',14,4),(1726,74,'Pedro','Enciso',37,4),(1727,74,'Gustavo','Melgarejo',82,4),(1728,74,'Juan Ramon','Benitez',62,4),(1731,75,'Patrick','Fink',23,1),(1733,75,'Marcel','Brunner',5,3),(1741,75,'Kubilay','Moser',98,2),(1742,75,'Moritz','Ramondetta',52,2),(1743,75,'Maurizo','Gnehm',6,3),(1744,75,'Alexandre','Zuberbuhler',55,2),(1745,75,'Marco','Subiat',18,2),(1746,75,'Marco','Vernier',84,3),(1747,75,'Elia','Fryland',89,3),(1749,75,'Davide','Muller',57,4),(1751,75,'Samuel','Sylvestre',8,4),(1753,76,'Marcelo','Magallanes',1,1),(1761,76,'Guillermo','Rodriguez',57,2),(1763,76,'Hector','Martinez',20,2),(1765,76,NULL,'Bengoechea',85,2),(1767,76,'Gregorio','Romero',44,2),(1770,76,'Serafin','Olivera',80,3),(1771,76,'Luis','Silva',13,4),(1772,76,'Andres','Zalayeta',26,3),(1773,76,'Carlos Gabriel','Otero',16,4),(1774,76,'Enzo','Romay',11,3),(1775,76,'Antonio','Rodriguez',81,3),(1779,77,'Dae-Eui','Choi',23,1),(1781,77,'Song-Gi','Dong-Myung',34,2),(1782,77,'Sang-Chul','Kim',84,2),(1783,77,'Jang','Yoo',49,2),(1786,77,'Kim','Dae-Il',7,3),(1788,77,'Jung-Yoon','Pak',13,4),(1791,77,'Choi','Kim',30,3),(1793,77,'Choi','Yoon',62,3),(1794,77,'Yoon','Sang-Hun',95,3),(1795,77,'Jung','Byung-Ji',98,3),(1798,77,'Kim','Sun-Hong',41,4),(1801,78,'Kemajl','Milosevic',1,1),(1802,78,'Dragan','Divac',34,2),(1806,78,'Zeljko','Ilic',26,2),(1807,78,'Aleksander','Lemaijc',8,2),(1808,78,'Dejan','Vladan',89,2),(1810,78,'Ifet','Jankovic',5,2),(1819,78,'Vladimir','Djordjevic',79,3),(1820,78,'Ninoslav','Scepovic',97,3),(1821,78,'Ivan','Jankovic',47,4),(1822,78,'Dragan','Stevanovic',56,4),(1823,78,NULL,'Jovicic',4,3),(1827,79,'Yoshimi','Shimokawa',23,1),(1829,79,'Fumihiko','Ohta',8,2),(1831,79,'Kenta','Komatsubara',11,2),(1832,79,'Takeo','Koshio',78,2),(1834,79,'Keisuke','Yoshida',33,2),(1836,79,'Syuichiro','Kimura',17,3),(1842,79,'Tomonori','Takemoto',46,3),(1843,79,'Tatsumi','Sogahata',14,3),(1845,79,'Daisuke','Furuichi',81,4),(1846,79,'Mituaki','Shimizu',66,4),(1847,79,'Hiroyki','Endo',15,3),(1851,80,'Olivier','Badra',23,1),(1852,80,'Donald','Guela',40,2),(1853,80,'Landry','Diarra',7,2),(1857,80,'Basile','Banto',15,2),(1858,80,'Eric','N\'Dah',5,3),(1865,80,'Hamed','Aka Kouame',98,4),(1868,80,'Serge','Gnanhouan',84,4),(1869,80,'Joel','Tebily',94,3),(1870,80,'Joel','Kamara',59,3),(1871,80,'Venceslas','Kanga Anazi',80,3),(1872,80,'Didier','Guela',61,3),(1874,81,'Eric','Maury',12,1),(1877,81,'Robert','Batista',20,2),(1880,81,'Pascal','Aubanel',22,2),(1882,81,'Ludovic','Mattei',63,3),(1883,81,'Frederic','Tanguy',3,2),(1884,81,'Rudy','Fourage',48,3),(1885,81,'Yannick','Forster',94,3),(1888,81,'Jimmy','Texier',51,3),(1890,81,'Danielle','Luccini',46,3),(1893,81,'Sebastien','Guibbal',99,4),(1894,81,'Alexandre','Mokkedel',39,4),(1897,82,'Ilias','Kolombourdas',1,1),(1898,82,'Kostas','Stogiannis',94,2),(1905,82,'Eric','Sketzos',41,2),(1907,82,'Minas','Kaklamanos',51,2),(1908,82,'Yorgos','Kapetanopoulos',9,2),(1909,82,'Triantafyllos','Kyparissis',72,2),(1914,82,'Eric','Antzas',79,3),(1915,82,'Yorgos','Zagorakis',4,3),(1916,82,'Antonis','Tsalouhidis',17,4),(1917,82,'Traianos','Stavrakakis',52,3),(1919,82,'Nicos','Kaklamanos',75,4),(1922,83,'Miran','Cvikl',12,1),(1923,83,'Emil','Vidovic',6,2),(1929,83,'Damjan','Krizan',60,2),(1930,83,'Franc','Bajraktarevic',70,2),(1931,83,'Marinko','Seslar',67,2),(1932,83,'Matjaz','Simerotic',43,2),(1935,83,'Samo','Zibert',2,4),(1937,83,'Miran','Bunc',61,4),(1938,83,'Robert','Rakovic',84,3),(1940,83,'Mladen','Milosevic',63,3),(1942,83,'Ales','Cifer',11,3),(1946,84,'Mafarah','Addo',82,2),(1947,84,'Anthony','Danladi',12,1),(1948,84,'Kwaku','Hagan',60,2),(1951,84,'Patrick','Kingston',93,3),(1953,84,'Thomas','Afriyie',22,2),(1957,84,'Mafarah','Bediako',57,2),(1962,84,'Frank','Okyere',72,3),(1963,84,'Felix','Akonnor',3,4),(1964,84,'Odartey','Kernou',26,4),(1965,84,'Stephen','Addo',77,3),(1966,84,'Richard','Addo',46,3),(1971,85,'William','Billong',23,1),(1972,85,'Ousmane','Agbo',73,2),(1976,85,'Bernard','Etchi Oben',86,2),(1977,85,'Jean-Claude','Ribolla',89,2),(1978,85,'Nicolas','Djappa',87,2),(1979,85,'Benoit','Billong',53,2),(1983,85,'Tobie','N\'Kono',94,3),(1987,85,'Alioum','Mbeng',55,3),(1988,85,'Geremi Fotso','Essombe',30,4),(1989,85,'Jean Pierre','Tchango',42,3),(1992,85,'Bruno','Songue',74,4),(1995,86,'Martin','Slovak',23,1),(1996,86,'Lubomir','Danko',68,2),(1998,86,'Vrartislav','Vidumski',64,2),(2005,86,'Vladimir','Labant',97,2),(2006,86,'Michal','Valtucak',0,2),(2009,86,'Dusan','Zeman',96,3),(2010,86,'Lubomir','Kocis',6,3),(2011,86,'Vladimir','Kocis',77,3),(2012,86,'Petr','Kocis',48,3),(2014,86,'Stanislav','Vigh',18,4),(2015,86,'Marian','Bujdak',53,4),(2017,87,'Roberto','Gil',1,1),(2018,87,'Marco','Rodrigues',31,2),(2019,88,'Marcelo','Cantatore',36,2),(2023,87,'Antonio','Nene',58,2),(2024,87,'Antonio','Augusto',94,2),(2026,87,'Carlos','Amaro',59,2),(2035,87,'Bernandino','Ramalho',15,3),(2036,87,'Luis','Almeida',93,3),(2037,87,'Bruno','Hugo',97,3),(2038,87,'Jorge','Costa',78,3),(2039,87,'Ricardo','Flavio',36,4),(2040,87,'Vitor Manuel','Gomes',60,3),(2042,88,'Claudio','Castaneda',12,1),(2048,88,'Junan Carlos Oscar','Gonzalez',11,2),(2050,88,'Victor','Cartes',3,2),(2051,88,'Hector Urdile','Sierra',10,2),(2058,88,'Vicente','Sierra',53,4),(2059,88,'Victor','Cornez',74,3),(2060,88,'Pedro','Estay',69,3),(2061,88,'Mario','Pizarro',66,3),(2063,88,'Christian','Yanten',70,3),(2064,88,'Fernando','Labbe',16,3);

/*Table structure for table `playerskills` */

DROP TABLE IF EXISTS `playerskills`;

CREATE TABLE `playerskills` (
  `Id` int(11) NOT NULL auto_increment,
  `Player` int(11) NOT NULL,
  `Passing` double NOT NULL,
  `Teamwork` double NOT NULL,
  `BallControl` double NOT NULL,
  `ThrowIn` double NOT NULL,
  `Dribbling` double NOT NULL,
  `Crossing` double NOT NULL,
  `ZonalMarking` double NOT NULL,
  `ManMarking` double NOT NULL,
  `RushingOut` double NOT NULL,
  `Handling` double NOT NULL,
  `Shooting` double NOT NULL,
  `Pace` double NOT NULL,
  `Heading` double NOT NULL,
  `RightFoot` double NOT NULL,
  `LeftFoot` double NOT NULL,
  PRIMARY KEY  (`Id`),
  KEY `FK_playerskills` (`Player`),
  CONSTRAINT `FK_playerskills` FOREIGN KEY (`Player`) REFERENCES `player` (`Id`) ON DELETE CASCADE ON UPDATE CASCADE
) ENGINE=InnoDB AUTO_INCREMENT=2064 DEFAULT CHARSET=utf8;

/*Data for the table `playerskills` */

insert  into `playerskills`(`Id`,`Player`,`Passing`,`Teamwork`,`BallControl`,`ThrowIn`,`Dribbling`,`Crossing`,`ZonalMarking`,`ManMarking`,`RushingOut`,`Handling`,`Shooting`,`Pace`,`Heading`,`RightFoot`,`LeftFoot`) values (1393,1393,1.28045409331322,1.27095806225926,0.398573044010352,2.46925888796095,2.09644451405557,1.13684869055785,0.50011113038654,1.94367463760574,4.72518973035854,6.60752515275438,1.71637821020211,1.46079234087897,1.47111437180557,1.07502696641884,1.24946981234825),(1401,1401,2.53591685164654,2.67138407665966,3.05103477478617,4.6773659405237,3.81284081899696,2.06733478234002,6.82627148394817,4.82622424303852,1.66856444353948,1.54881922726658,2.78301408420514,3.47179423177762,2.44601235819012,1.74433451339335,4.17563762696596),(1402,1402,9.14626180955613,2.58973939246977,4.14346190303297,1.30183937769999,2.33219242032029,2.2285849546924,3.24901390787326,6.30316189268658,1.18728638090155,1.51103210443813,3.10659715902673,2.1523886830439,3.10980244641577,3.96130480822728,4.63540872940939),(1403,1394,6.14038515414239,2.06397746789239,3.97790620284247,3.96810077059163,3.43449819581202,2.6734263255519,4.9704383116381,3.13109126049081,1.76929916174217,1.29967868124024,4.8762284961579,5.92368224348334,2.0980169675305,3.36988402617184,2.75153078384667),(1405,1405,4.6248620019298,4.13426957779485,5.8348530867656,1.23422173578394,3.41539815161343,5.38941888221296,2.20990688855239,6.59267357025892,0.974677881488081,1.16015564069643,3.12975152645595,2.58566101377621,2.37562213520064,4.24205305608642,3.28023241675764),(1406,1410,5.27814681969384,4.41001939971349,2.14326491940637,2.64563038727455,6.48928258620819,5.15790530931865,4.82079518280201,2.18766332912423,1.10715638259813,1.70479383408631,3.48210824292205,3.67960907742098,2.31218019721317,4.68006842745792,2.47584508035383),(1408,1408,4.70731574720699,3.14813092990808,3.03952863782036,3.3207469427988,3.19927899564788,3.39352595733915,2.51484620803609,7.43630685933047,0.530622034661572,1.53141477718442,3.07887770820897,4.05219878397703,3.45947659857642,3.14560324584078,3.87915589510923),(1409,1409,2.87743979898085,1.66693394124604,2.47771646330096,3.86895229547718,5.34152927346539,4.83070041239887,2.73198411501916,6.24296886098298,1.05496145954996,2.36094559327977,2.1668679074844,5.63608672714905,0.547475525197886,2.71834729953208,2.65119206227362),(1411,1411,2.70198949171004,2.69811833329779,6.34057376780533,4.10854526702011,3.90819455450267,2.20615300667282,4.97810205762819,3.86421847309962,1.04515564057194,1.36458714635221,4.43149430954388,3.62530560084528,4.40623764956368,4.7033364771958,3.31864071270407),(1412,1403,4.5843135086244,3.27454705801599,3.23217910934977,5.13891209412275,7.43716750546185,2.22324429341935,4.14185252487057,3.84555033651226,2.35194108633386,1.57312833923513,3.03838538568887,3.00812870534965,2.08694790125248,4.27419335206736,3.85464829567693),(1414,1414,3.85496629458772,2.51159683981059,2.97047453631993,3.22558302519459,7.2646755768254,3.11197098553279,3.13284310553381,3.02085634717851,2.14643382716913,1.86434241241085,5.26587424020726,2.18491809402862,4.0934728183498,3.7499293131879,0.956141025260048),(1417,1417,2.38338686067128,2.6840010565635,1.82623235023115,3.7733012694546,3.19061554782819,3.29805927969878,2.89031842293451,2.46156328726092,7.16788920085607,6.51710015907117,3.76984162609983,2.50430692036345,3.70750083590596,3.13397628154859,3.1694962844406),(1423,1422,3.99201709245866,6.2110443279894,5.64818874758677,7.41236010337976,7.12407243508485,7.16899666867654,5.59053546857373,7.08572185678492,3.1667375057644,3.43395055114423,6.67210145947752,4.47338041896289,5.96568054439389,7.30702247140115,6.52718936231718),(1424,1424,8.61495510182086,6.85663045826549,6.63397565521398,6.78076351336352,6.67230267497392,7.9643412821851,3.88111017692662,8.48993353301017,3.15551694072293,3.49818653616237,5.68262291439728,6.28099336952596,5.43156140502471,7.92480168616151,4.41758634914214),(1425,1423,10.901569220827,7.2682284321338,6.83464377521272,6.21055801181009,8.25611257791044,7.51992592068912,7.7570652938406,6.64860794128121,4.07439192406355,2.66899215631439,7.72778196947751,9.50478765003276,6.91235709852599,7.47329068266625,5.97190655919245),(1426,1426,5.05995885532284,7.22586065422791,6.31280421280436,6.3677262720953,3.85703542862754,6.59564681424292,7.31469473971249,5.84719477873253,3.22234449947796,3.45367517627052,6.28804481588925,5.16246298753524,6.75397723564501,6.40376536052781,6.46238800440366),(1427,1435,5.65861724698076,6.63107396333345,7.34510494950958,4.26417685129082,7.26919045583515,5.79581482864727,10.0209577544319,6.16066577735301,2.50822310565798,2.78960395299108,4.66596127522556,6.57731643005521,6.15049337275164,7.04538563318816,6.82389299081004),(1428,1432,8.1169267233655,6.68709601535582,7.58532470819948,5.68087116856815,5.99800068357549,6.28699641974346,4.43730839427117,5.58258036377139,3.97739734243388,2.61335778400619,6.40665933435823,8.75002820874605,6.56186123887454,7.0811303668407,5.73298110033186),(1429,1429,6.32032472218441,7.24889073050106,7.16735425291354,5.97940922581293,8.94279300858548,6.50654115151464,6.49595338674242,5.69193331993857,3.8072751253019,2.90784555932418,6.54031939520995,6.53025870780774,5.27337137309649,6.06494331006709,4.70722503262603),(1433,1428,5.73948771034958,5.66718191999827,7.00534821906432,6.09033656016282,6.55622631189759,6.70509317576119,7.1328396399978,5.51304342158046,2.95386933282541,3.53544385438902,7.13903005195037,6.89339802736563,6.29609829976701,3.80236409233612,5.52233850597166),(1434,1434,7.53189523932501,4.59844184998382,7.85450985913213,5.54740869750028,4.89925760220554,10.0821382876489,5.60963178183193,6.83094403489076,2.97767381348063,3.61683225287268,7.56241977723811,6.64779304688632,8.38422249649095,6.65230663926464,5.17368362094148),(1437,1437,5.25096673604724,5.85838953243612,8.53826332092641,5.05189757649281,10.1899308075155,6.98171711867206,6.66825571132102,8.40313077308144,4.2262822015739,2.71598089552995,6.86101002538502,5.16725081101607,4.86361849018115,6.25733849988765,5.25717571340708),(1441,1441,5.56741229592202,5.65579084250927,7.31744264051904,6.4516069222921,7.90282595238065,7.25237522903797,7.52807363378694,9.01827839848811,3.82800225908149,2.47187596786012,3.81585867049782,7.09962340576895,5.57958534251474,6.61204735449983,4.09760374665112),(1442,1448,4.83475898354964,6.14607680452114,6.44296526158425,5.52637987555229,6.15858608349944,6.52518791667813,6.11279485903351,7.70659761845875,2.85790053819962,2.11112957077599,6.01907322231977,8.25101109253234,6.6233850913128,8.43931552511226,3.85327442890722),(1447,1447,5.33856396581974,5.78879643221829,7.48870641972653,5.81180180517971,3.57475423767606,5.39780971527256,6.60762304531557,11.738326849646,3.26328377170497,3.73882796484438,6.76757075840594,7.20045947240568,6.12889746002678,4.73258561904694,6.15816925014205),(1450,1438,7.23563457389949,6.44217365376123,7.09811308503956,7.28199894401001,5.93200670698821,11.1231007724043,7.02941943595264,5.15211719066345,3.2953173257764,3.05229848019071,4.27786794037475,8.87337992391922,5.1976557226955,3.54986349889016,5.83410664826324),(1451,1439,7.02163964464009,6.0215304047501,6.07596765696006,4.98168787114816,6.29492068485414,12.7280963267639,7.57837997772491,5.48615356449679,3.71639587081815,2.91607457987409,5.10186744412479,6.08254101189587,5.48360050678138,6.58982636861005,6.43381687234237),(1453,1463,7.41260146754262,5.80931408091437,8.1627518746025,7.5803467317535,9.09040384603904,5.94059983879912,6.84624478940799,6.60836368914963,3.2688187346012,3.26468366802433,6.58241765974786,7.78848654271101,5.92485536262487,6.20316198096604,4.9014947167501),(1456,1456,6.38663852120989,6.76314671079329,6.90959254133198,7.32624747439512,12.9264375510463,7.32202223388085,7.84805067852262,6.70496111945005,2.59349861947421,2.66732048527643,5.47123125591306,7.38306679630295,4.36229461143997,7.33978848481945,6.22899703927126),(1459,1459,5.64163444425282,5.50440096092758,5.88902483612577,7.15745362180938,7.27039981556181,5.56506818666089,7.21266753150828,7.61408506916676,3.34216847341102,3.1112895320924,7.31662767842802,7.00716059622098,7.67235248502804,5.0135659726535,6.50817932173488),(1460,1460,7.79251617720886,7.46432391223661,6.38087693675253,4.73790603246123,7.38645290627031,6.14112822397199,5.61627057456096,5.51267104942298,3.58862810163428,3.00574956399515,7.09480815283683,5.95087255161693,8.39202485274834,3.86659674703973,6.4613479488819),(1461,1461,5.18413945235195,6.63885691748035,7.08022543888214,6.87207016577122,5.45153856142528,8.84598527952501,7.39038522732965,6.82902125493068,2.84914730936492,2.85116110919743,6.5260779270417,6.07152223006867,7.69444506331589,4.97736881515912,6.03501319423088),(1462,1462,2.53126494998218,2.23172427876676,3.97002864083869,3.26407700298129,3.28175107081702,3.40993534249315,3.59434998334602,2.39106239500221,11.1541380637501,6.903185176252,2.49504618867831,2.97747230220314,2.65683094929691,2.44475398585675,3.02021340368755),(1465,1468,6.27364506942563,5.53727440974533,6.95997492522299,7.11738883091741,5.32736290705779,8.95431810359013,5.20610183481456,6.8902543235612,3.33891335040456,2.22655239390172,7.8405880737214,9.59140872791425,6.65729223161806,8.96343182911219,5.804495549391),(1467,1467,5.89685278159569,7.58609567257134,6.36497569211944,4.90754562958437,4.85665397971625,5.5065887915621,7.48249570970996,6.24915476524954,3.67097925126904,3.28826872235779,6.33071481335311,6.24171838697926,7.36597331245053,4.73983832953187,6.23175050828473),(1469,1469,7.61151236314491,5.53272174297414,5.72343029844411,7.04707903725454,7.61943543593788,7.86767890572918,5.97617081099995,8.82496479568356,3.12303748617906,2.53228107853064,5.95954507486272,6.1662187451237,5.65750049818091,6.63276531652403,6.07184422885589),(1470,1470,6.82723594882692,5.82215304353026,4.57851125803313,6.07242406941334,8.29164175775327,4.20152946597386,5.88366564260911,5.95121117452727,1.91086028165774,3.18278386775112,6.08167739661537,7.33475079992839,6.95215157798492,7.61269986227734,7.02360124105944),(1471,1464,6.38379615288768,7.64370307049028,5.79674492805707,6.47753666675671,6.96000626808075,5.84593782340394,6.70729094561986,9.20411900318444,2.29444397700079,3.03266500368089,5.46724976087719,6.1073806201105,3.90819307928846,5.11845979770863,9.35339823899413),(1473,1480,5.97959266537463,7.50115300396162,6.34065501058898,6.9376583799768,9.56939339912074,6.67968735157157,6.78188644083262,6.67088759705372,2.51639754129851,3.19634891910201,6.60834942163548,5.6874384804614,4.13506063311741,6.89710929501461,5.76614919494994),(1476,1483,10.1387532554892,7.36545458033352,8.56140652074445,5.37520192807498,6.65204477290566,9.14387021138515,6.30200158559468,7.3450927959083,3.29925742414195,2.50337221161023,7.73168456783187,5.52519486837743,6.58350916176505,5.91001707737092,4.44840198113957),(1479,1479,7.46,6.53,7.3,5.68,5.42,5.99,6.02,5.59,3.1,2.11,6.31,6.18,7.4,7.09,5.38),(1481,1481,7.82548578792049,6.47794145602977,6.33559293668533,6.32243723172739,8.91974385918703,6.6188407922983,5.9416257679851,8.64067269961346,3.14045777661017,2.81409292901336,7.21802346299043,5.49867131841195,9.7421490916846,5.57819550914687,6.38807062664385),(1482,1482,5.13668650415029,6.03242582613605,7.95794664600076,6.39102818803526,7.53905677352598,6.65450019231303,5.05292212781073,6.19604739809657,3.44877988612925,2.89421456370982,5.74986600432409,6.50669101618495,6.53034368385329,4.97144139037253,5.78277720740535),(1488,1488,3.29495369939111,3.34639239604091,3.00557354662049,3.18737714136888,2.62483530591739,4.03145009313827,2.18281651940498,2.60061568786168,6.43639112713872,6.47764552686535,3.97198701931931,3.02955758271457,2.86992223191971,2.74913284817136,3.44690870818838),(1491,1491,1.62144162834685,2.12333043710094,2.14834757758087,2.9132580986469,2.50663938384216,2.69368917046741,2.80911496739229,3.2195217963816,6.01911534029938,4.82425617333735,2.69653473977042,2.38366771802184,2.49769431295222,2.8492929591737,2.8475645568355),(1492,1495,5.70860226013292,5.37881546408732,6.56894719654628,4.97609436442577,4.13314899622332,6.51020025911054,5.72299284966114,5.65622120205253,2.24904607387706,3.39437068048902,4.95452977967486,3.18430317637046,3.46835492942479,8.66315201967829,6.02865626037963),(1493,1493,4.32578165254685,5.31354620216336,6.06535371210381,7.26743009700101,5.20442296214588,5.98476676495825,4.6183490585316,6.15130540588427,3.01837544743686,2.71815342244642,5.86501661655841,4.17324289449567,5.59567088549485,9.4384207352837,3.91020781819613),(1494,1494,5.04948992254293,3.78502241499784,5.76652196338436,5.00817059698833,6.46333609100901,5.33697966088045,3.88372802819119,5.98336628231081,2.62916341737067,2.25459793180853,5.63516325448598,6.29114772934395,4.81677758509258,7.46875369736283,7.22841648041199),(1497,1489,7.4000147198498,5.91269511208246,4.86483336745403,4.1791450199907,7.34867885687681,7.75868028699289,4.5469966809417,8.21541292541288,2.24240186246662,2.24565001138962,5.07631246481642,6.38244304736219,5.26029968336093,6.15785228210475,3.39838252083169),(1502,1502,4.26495877238834,4.31747332230227,4.17288656772725,6.91986086109964,6.98305007952191,4.11602068357935,7.85854015839598,7.4277633810455,1.97546277153975,2.29491100324475,5.53686402524575,9.73711905129535,5.11039912868891,6.81708306458063,6.47949462201201),(1506,1506,7.64352743437929,5.40237321033363,5.20573954961097,6.25279232730161,5.30766452760985,4.1904807948083,5.42062441259479,5.22758859556884,2.41610928014715,2.42586940863187,5.42049755351149,6.0138467839743,4.75066805118171,6.63520231859132,6.6116629673792),(1507,1507,4.89198908958593,6.70145306088423,6.82223723375004,5.86845763377063,4.9465630278504,5.7480415608013,8.73394966116919,5.30463584224594,2.49374009016186,4.02056364070221,7.70138720976534,5.46243146234806,17.0175374266657,8.55295999905899,8.65147049288711),(1508,1511,5.4105219836024,4.71128809855127,5.00863190920717,3.70567004051666,4.52073539949433,6.44894262329876,7.6688548045313,13.6214661720202,2.61618339197816,2.37424527274086,6.98652449856847,6.2418976178637,7.59946924805733,4.2395349066096,3.34466113394573),(1511,1510,6.68783066216259,6.84606027325226,5.43694289873411,5.76148836252296,5.82728629098724,5.20715469615448,3.42285751272164,4.58755432394338,2.35606254682591,2.03968054654841,5.1604121383718,7.46841034077373,9.05403689726039,5.01838562171281,5.04356855062715),(1512,1509,4.58876625260449,6.85071557063426,5.81899526297169,2.73445688786913,5.91735243372496,5.65946508254743,4.96674068886897,7.87339223027081,2.62218280845216,2.45783151800016,4.71266650034113,4.98689750671414,6.93019959596109,6.26872758298518,3.99639091831856),(1513,1513,2.87871545945275,3.66198748084206,3.25996908393946,2.85949659009079,3.0092125003599,4.00638967788426,3.11020348472512,2.70242512064878,8.21193854014228,6.55126631157036,3.38233030314829,3.58822975528782,3.17910165225949,3.17423861317966,3.50757922903009),(1518,1518,5.34986418045389,5.74450802140437,6.53326795045962,5.61750101718296,5.67829398388079,8.97821396101754,5.60978585978189,8.96369670484713,2.83993700723474,2.95816418806851,5.55656675083105,12.6167258582506,5.82943332676183,12.0964983207439,4.56968659944045),(1519,1519,7.11354905324187,6.99848080389312,6.12412796130556,7.17331398940364,5.53051492065542,7.26166237843318,5.01487340628149,8.21540507988984,3.12856282119121,2.44120864306763,6.38983816070747,6.52808286908848,4.09475036420444,4.46802473476938,4.5716270273873),(1521,1521,5.48260580186093,6.98838249582911,9.88236664683043,8.20846228586776,6.71470848949798,6.63153658231543,6.03963191895852,8.48861051245982,4.27610997801322,2.29784764357349,5.45066327986491,9.00071957068448,5.94835813169186,9.46278971381256,6.40091226365987),(1522,1517,7.46157225924245,5.98328445629739,6.57598769499277,5.62686846271042,7.95283544283552,9.69576563227375,9.82189796801495,6.84748195032618,2.73258177352016,3.46075116006215,4.83403159743402,5.66751723945605,6.08650356361788,4.91083174370562,5.92012790944457),(1523,1523,4.96688637987283,5.41691547023774,6.92059139193594,6.77943328665117,7.27233498850282,7.26042505495321,7.1106026703515,5.76075890754746,3.0303610161678,3.41677464487121,5.866965041795,5.36345724396706,6.295979006486,6.48195422132849,5.38703936817086),(1526,1526,7.89926757166603,4.84500317504091,7.85351076259328,6.40598422850996,7.44046126623058,8.057649617063,8.76690944984211,5.88701147303217,3.31705078128732,3.02751012733318,3.58466845744806,4.82809191396152,6.43338862224624,6.28555312472386,6.0295369765779),(1529,1522,6.24827876464354,6.63483410494344,8.38797588511503,6.08313723217924,8.2828173373619,5.71322423881424,6.87803537892789,10.5931157505675,4.08050341051659,3.82902630832321,6.79034781446736,9.80360307835893,6.42478848933083,7.12428161580903,6.31987569324884),(1531,1533,6.53156482726091,6.32424898523024,7.55421092665379,5.42507457636867,6.17890922864171,5.06969837669552,6.26398585189501,6.86338043908324,2.73765265653026,2.31320069452223,9.23018468470651,6.44601172820982,8.44442932135048,3.5972556093889,9.18094207948664),(1532,1532,6.29812755579189,6.2670290961507,9.6061421064565,5.95766066995832,5.60882026569077,7.08855302043128,8.21559439514311,6.06020891182262,2.64061609083912,3.63988556553602,9.24296148345668,4.93018841107213,17.1789051477314,5.78701503941603,10.1150781855493),(1535,1535,6.46311865511894,7.12446668225187,6.29820309914359,4.11708637649929,5.26826392960997,4.30581556284403,7.48546687601509,5.86412883516295,3.21440798292007,3.80912028947804,9.44328761804738,7.19545644930398,7.94273164966539,5.82982938924093,6.37589372307376),(1537,1537,2.15408903961908,2.80811261914094,2.94704240484466,2.64758196497266,3.20660571722669,3.0637769766609,2.64349048514335,2.37194290648004,8.33732316654706,8.14099237932838,3.16048315376031,3.81592136921269,3.38516744716401,2.9711274051425,3.37726634958684),(1541,1541,5.86526275000793,5.21156304695579,7.02338413133486,6.70237902119992,7.42848204917212,6.25211630209582,6.47037648677056,5.25843859769313,3.3179949150947,4.42823391587495,7.25054541310667,5.25393138740688,5.55032141789441,6.57083802950239,6.53780017589188),(1544,1540,7.70730460485802,6.65267093536098,7.93678173731717,6.38965104941484,5.84077775637008,5.36087613728073,4.79912678546042,6.21112305094502,2.13045907880053,2.67052666802251,6.56352710324059,4.80498924753276,6.48391977198024,7.19282406468005,6.95003147899506),(1545,1555,6.34632611249229,6.46525455894172,6.52532755801186,5.31349985228501,7.36504588826004,7.27533738010268,7.30423780188557,7.39698707040951,2.9776191596122,3.61859226357703,4.62894100949597,8.25263309862224,6.1018634492544,7.07485825222025,3.77448614749797),(1546,1546,6.92602051415321,4.40154673777395,5.35356439063297,6.59839309293363,4.97932497959187,9.2990545333076,6.72503348277611,10.849976197791,1.84486697332048,2.95578531885604,6.26382102387102,6.5276997122116,6.81659468381127,5.84611217531599,6.44038999885488),(1548,1548,4.03300730282184,7.12444254948445,14.1173989094716,6.33065604641825,6.11626188827412,8.08803328108198,9.39795224792778,8.30327227821239,2.10158823373616,2.96082657077872,6.99955481344186,6.49691344472395,5.41647924659523,6.31258375003619,10.0036953833179),(1549,1539,7.7315044185976,6.35442999779358,9.89817928011882,5.68393824736911,7.01574018592372,7.291950607942,6.90954848992054,10.3544950726995,2.43802578851665,2.75552998591078,8.07339256576224,6.49031970298399,5.54400474057572,4.2260843630804,6.39815814132447),(1552,1552,5.74615893543749,6.48856244955648,7.84068504564189,7.29680328609489,7.32869754579486,7.6485107352451,7.81386159286197,8.47356824361164,3.68425209062961,3.08000078525986,5.99928129308786,9.07957513906931,6.45294460851939,6.35219450081331,6.91797672116821),(1554,1554,8.01142568697279,7.2580894643931,7.15926014273668,6.21745144708082,7.89783407326942,8.57502567257199,5.7023170465285,4.37145098620463,3.58040946073216,3.85118772028402,5.35399406876868,7.38433791028991,7.21650660818522,6.01305158439227,6.14018405168337),(1556,1549,6.70629978586088,6.33546196472751,7.02315040784096,7.93247686065413,5.86582065386085,8.94284085385293,8.34828009992734,5.20156079397625,2.80394025970045,2.47647318765256,10.2801098050859,6.57059640876104,7.47535239109751,4.18445015067489,4.89675019312585),(1558,1558,6.74209270894952,6.57423371010865,6.28265989780642,5.18509423037429,7.15903056003272,7.62411329638858,6.46263385363129,5.47694827350925,2.78111214234739,2.33490125287934,8.54975932169153,7.39538284774414,6.39834406778841,4.9190195264526,6.52964623584879),(1562,1562,1.56001688297251,2.33949309304249,2.56608805911706,2.42005455857102,1.59840155197087,2.71137702967318,2.42750491173249,1.60579930601699,8.31695577766724,8.13584612128042,3.01980846620909,2.26175287603615,2.42500150134461,3.1067982265015,2.7819534702606),(1564,1564,4.56947181817611,5.36995400725333,4.31631745432071,3.0534422576561,7.34921279257525,2.9029266382961,4.76816140906458,5.64155237578711,2.16282718547439,2.89375850102592,7.93804687212971,7.17513066306614,5.95833096338893,3.80907309251012,5.64811547162137),(1565,1565,5.12826539795004,5.90469219996681,4.3103717416962,5.44201171955827,5.38900294784472,4.65965556179484,5.2772768456977,6.72894156272741,2.86316521124787,3.19977406919571,5.73395936618182,4.5531929217509,4.51803984446063,4.35027781334307,7.15915016078011),(1567,1567,5.98136983375718,4.31970481173085,5.96788622722603,5.71745092818318,4.64559637279775,6.12315153520037,4.29268457097789,5.0415426656138,2.21869945457464,2.89634159505523,5.33492132005987,3.70707455272353,3.75314922120605,5.8409553796357,4.79506607576161),(1569,1563,4.97755534821287,4.91482499893698,4.73261779844082,2.90951855511071,7.30847667787825,8.65218272447589,5.19649683152097,3.3934322299731,2.84190332272992,2.7895232154923,5.49353067513432,5.52092025014971,5.63230648667441,5.63722315155446,6.69778010036499),(1572,1579,6.93705045611217,5.66500331788941,8.86613956461906,5.34324884349853,6.1810255492189,6.23577265163788,5.68727221155989,6.32087250723755,2.1811354495744,2.81841713958481,5.1383856765959,6.39660789203706,4.52194469568299,5.81333902945175,4.11843663992611),(1575,1583,6.28297201740883,5.19409129815054,4.44952135958107,3.76103133672884,6.92710633865892,12.9209004568993,6.45341143757414,6.09079611230582,1.8742423537887,3.81131763916314,5.19005557981106,6.80162706725069,6.00088908557418,6.81276745116276,7.84686558140119),(1578,1578,7.36642478056302,4.18917448165388,7.22751131226125,3.20153590998416,4.05250286705584,11.3667679510734,6.07429407597755,3.75514869087629,2.15030979020557,2.61032013830101,3.71013618838674,4.32445087804261,5.7556193488027,2.48284773189118,5.28170820974157),(1580,1580,4.47205777805449,5.05198330082558,2.89675317788789,7.73934442728351,7.29587298284872,6.07256916917197,5.40795015512343,6.18666632495355,2.81350619669528,1.53506595362717,4.62549948677823,5.44391708295176,5.76737088790637,3.31141050780903,6.66554144239232),(1581,1581,9.00171534486322,5.06897031584093,3.47797408210135,5.38122917487782,3.08504536570235,5.96264251023138,7.63748803790046,7.33712226340539,2.81541782935945,3.15717053498852,6.84376903951882,5.09596040065394,4.78079016868938,4.13475831684488,5.80360979159303),(1582,1582,7.38363807810262,5.62782312660822,6.85199015855645,3.10785277990463,5.62687324023293,9.50786492092345,5.67125717269736,6.2632936467446,2.10391914441846,2.02725855497118,5.04396910903003,3.79386904188582,3.34288939312159,3.9629758307953,6.45459976448183),(1586,1586,2.20513999309414,2.59855372750955,2.42202161148602,1.80958039546484,2.6345562017213,2.68834762745508,2.04054231597425,1.4514576155513,5.21026852937711,6.82310600117779,2.20200562214108,2.53331935768367,1.84960363995194,3.38237832202328,1.60851258311525),(1588,1596,4.0761590011927,3.9377915342713,2.81234827759228,5.1166876520993,11.6325999646736,5.44950579177746,2.93899812794889,4.13234261232178,1.87849899226572,2.17290233451049,3.39891363800811,5.03451283052086,2.11751813626611,5.15750283934508,5.75594589723155),(1592,1598,5.54391414262367,3.61081562668127,6.90046603988444,3.34974541297249,2.34007762728632,3.10831930848842,4.87196090592241,5.6149914994444,2.08972786536245,1.54958007616478,2.77229607807805,7.27310561325482,3.27293360831516,4.56398473205872,5.22653356352393),(1594,1599,10.5991568865412,4.08186634851396,6.47359554974064,4.12404379309694,4.92174335093634,4.31867007428786,1.8956243064547,3.6387204981751,2.0738108278517,1.81361727601579,5.3999743418434,6.75958292859675,3.58097928076287,4.80961525798569,2.8827753616655),(1595,1595,6.9913159975012,3.41580331015211,4.83810946601762,4.31907512154843,2.56440587225307,3.10736161604227,4.43251856078268,2.05307016386449,3.48991271054664,2.66222467222629,4.23387192160347,7.53958639425081,1.95854325015675,3.17546580935653,2.44675607206677),(1597,1597,6.49892313091563,3.77407241328126,5.14095406005873,4.26889560873592,12.6084404493672,3.52007614256673,3.86340352668413,5.05206159461017,1.24543145468462,0.754111111130892,3.165437149171,7.47514575921213,5.69336326244833,3.64515520748672,3.14726907156404),(1602,1608,7.1087648990813,4.5202173671266,4.70168742047297,6.1329062929663,4.0215119226399,5.48162689535107,2.74663439033279,5.26647030875216,2.24111702339022,2.45962037131489,4.11728142129059,5.23541104077038,4.01685078985211,3.858081972609,4.97443612787754),(1603,1607,8.13037072622269,3.3459980143277,7.54769467878649,4.81441899321769,5.23932776333781,3.97710378462206,2.6112603118309,8.71313670264471,2.43320180402206,1.84230491601006,7.22755822627333,3.24733598030746,5.79273237875442,3.67759875322527,5.6498261631761),(1604,1604,8.42573027950393,6.05495736230183,3.84937512163184,4.27928455162955,4.69299487485413,4.8038254691849,7.24231566084563,8.90556329981449,1.98575866603277,2.27417940985375,4.48031135559558,5.95175077614165,4.0226540256847,2.51857697366545,4.1739719634751),(1605,1605,4.21437011967581,5.78828415144393,3.03323611009954,4.13722406538637,5.44203103799012,2.70134161222745,4.08756861605007,2.30337467377512,1.37784465143084,1.57901848136035,6.08154622537552,4.96979003446129,6.36136361898054,2.93137792405658,5.03635311827872),(1606,1606,3.28079546706969,4.19748728063095,2.28904195569808,2.24535236230447,4.63453320555581,3.92905591866485,5.5051338275045,5.58839920918445,2.51565514789112,2.82876508112446,5.72828595163182,7.93387305801272,5.89766060121972,3.81371151506187,3.47126398775884),(1610,1610,2.56345665113706,1.71552604217946,2.50961125947197,1.61389969756508,1.73189032517537,2.57793104254287,1.13158511482075,1.98042730859058,4.87043259019885,8.81838361993653,2.78120828850627,2.40807076387282,1.39138895906879,2.04612274709627,1.84168819804124),(1612,1612,3.14820105136658,3.95235329610195,6.09527000017766,3.65220458076748,4.93583242448245,3.58678075409999,5.00489381168635,6.7343518833482,2.15643964493783,2.25577516052329,4.10349577413653,1.72793030047442,3.65149459960277,5.28853621293061,3.39574521508858),(1613,1616,2.95047466796264,4.51897218538942,2.40181110503285,5.06693497365973,4.76109019122377,4.45125050624148,3.51616222063442,6.36453128793645,2.19066220552862,1.34869974590121,5.13444708173786,4.09599826443087,4.09628049146793,4.07138172148654,5.19615516199822),(1615,1615,6.14278382668212,2.80023439349553,3.98442931672465,5.72970562443573,4.04481986363481,4.90878049257582,4.44192496701574,5.88100715304168,1.6764312638867,2.60760385047266,4.41954913730538,4.11684729403619,4.5752909552285,1.41827909819214,4.42704131811428),(1618,1631,5.12669620812127,2.98129396623278,4.63573657442403,6.16005903514143,4.93394918973733,4.84776220599581,10.63584172563,6.48909378742708,1.78088344847684,2.27209574794766,4.50197031359213,3.72080044633646,4.87075981597947,4.17027908668856,1.90081012047377),(1619,1611,6.2000787208598,2.65514362199367,4.80485172483018,4.32828946239601,3.91470043643532,3.91532191881538,3.56230005414466,3.75557996359203,2.55757242220146,2.95025372698447,4.13828238756119,2.05650339734327,3.78895083039335,4.41412882999577,11.4394109876487),(1620,1620,7.09119368452965,3.15740588015071,8.75928843634621,2.36013116878312,3.94430364826342,4.44942430509088,4.01841461271754,1.28707385842426,1.30712673658477,1.41182404846276,4.64496577927349,4.79799662842348,5.71805997631348,4.00465173215648,3.94158656927204),(1622,1629,3.8928276174894,4.30565281010202,4.54165116765514,4.53491994890209,5.06941036707673,6.48094725505228,7.88378149718026,3.66065579211277,2.16917292929632,1.40119122668509,3.19688598063199,5.57248844696464,1.58663365489637,3.48812371332791,4.04830236141039),(1625,1630,3.13234028759905,3.88795871313384,4.27500034593282,5.05927194297045,5.83127903072662,4.91754193383067,4.87638039088119,8.0506606938448,2.2682302113191,1.10488453289692,8.61871529738725,4.25746819101168,3.81007544275878,3.66015162047438,5.36491718536796),(1627,1627,3.13545799316302,4.63002924055108,4.26048813838822,3.77974803613868,5.16663333097421,4.40842628833446,3.52278072790397,6.5207586893536,2.13974477188971,2.95285049384327,8.02895115633806,4.38507060780751,5.00098703493252,5.2851635891772,2.81606836166984),(1628,1628,3.28484862107624,4.01894091509646,5.78297531001965,3.5687522702972,6.22638433998565,3.58000463822968,6.64043873891613,2.88150913790891,1.95262255144524,2.44880948137938,6.86706052637802,5.44837823713885,6.05827908974371,5.53640568631483,4.5657984156606),(1633,1633,2.09512836162347,1.93934500959568,1.9333830269292,1.1232223003302,2.25937114834777,2.52376401694574,2.39830278946926,2.9741342944292,7.66687518301455,5.76236506418824,2.03838133523031,2.17954926626457,2.57138344312636,1.84621540666111,2.40715558551356),(1637,1637,5.90289016826775,4.38593274455265,4.08506754932441,3.38848656790304,3.99366239771963,5.11325703564363,4.17699318477349,2.14130694141142,2.35862893717598,1.71632720859,4.31295575715901,4.76077620193788,3.99819150285823,5.40031446885574,7.22462361231934),(1638,1642,4.96061866087802,4.73472102382412,4.14810810375576,2.24952220635209,6.44395026782069,6.55306408655489,2.20803901641845,3.90608338262122,1.99924436102222,1.21945998133536,3.10557599654812,5.93293271083381,2.53811432950625,2.43563107965999,6.44816990821828),(1640,1640,4.04416788286205,3.64154924406004,7.55039169395969,3.46067806843934,3.13959894480644,10.0687438459344,4.15690394277799,5.94638415890041,1.93988163991095,2.30395077520813,4.18585574010886,5.49340857950109,3.44326729480721,4.37782082602997,7.16362379034461),(1641,1641,6.29668478794932,2.26428045781699,4.3614169950441,4.18694304095946,3.74833878888431,3.36409013209169,5.31077645841448,4.4087248815862,2.50703145292912,2.3943399669958,3.05590340945604,4.60030347726274,4.20172487432275,3.97326957294436,3.38334767558656),(1644,1652,5.12857619709525,3.82895275217683,4.61713121011343,3.05475926639408,5.17925095700588,6.01916828359923,7.3805808787896,5.44649312180669,2.57382444810484,1.70676295661242,4.47524449760779,5.41354859848138,6.2992038295675,6.18393067655826,5.16891016318338),(1647,1654,7.23479332829277,5.44138321685994,4.27044040642623,6.07240993959683,3.78768398806551,3.94716854311841,2.66091447458333,6.816743035967,2.4381657682163,1.18151936968447,3.45110151713035,2.52422450106956,4.05163345407089,2.88982039353731,4.05712571684827),(1648,1648,2.63224987458235,6.26698431157313,6.25231507968082,5.21547437525209,4.04604829776501,5.39659776111556,4.52570375410099,5.0338508077781,1.33458565235309,1.10228971676749,4.70619951345727,3.80824613573941,7.61026537989543,4.10562230690647,4.34192136286826),(1650,1650,4.16621169845232,5.3290897859068,8.30668108984339,4.46016943643088,3.24045504568907,4.00945856259477,6.71183886516965,4.23511831777721,2.02906306152693,2.12936897416039,4.24638008072356,7.18932447018555,3.28656859273965,3.47444409300632,6.29709626973346),(1651,1651,6.56665207320485,3.72866799643714,6.86991116218627,5.02118532589493,2.87131627657309,4.72699581600696,6.39231859474423,2.69848697930325,1.72074804376866,1.62965864354959,4.29967927959567,4.09292838010445,5.36157147210598,4.82076155994782,3.86843920719202),(1653,1653,2.91549762285196,2.39102704974322,5.46159026992938,5.16258156265455,3.32068193393465,4.69385630986909,4.34291870941358,3.53939652545119,1.88634177352138,2.11146374338454,6.18244842080217,4.79792896456919,7.40994571451629,4.86447714768952,5.62323484091771),(1657,1657,1.62337510290886,1.81701655563462,1.46803508363293,1.2253632053471,1.17580199942747,0.715884412922196,0.620057413311214,1.33611081495526,5.72183065443212,4.11302309746972,1.76122795200113,0.811965852932343,1.41437504559167,2.10081022418708,1.71215948394928),(1660,1660,2.37605087689865,2.97034793789368,3.61153295866283,1.83351763320942,5.9394789840237,4.51609174889207,3.22855561535888,4.28856639850114,1.18131803520652,2.41488211688238,2.91201373110726,2.95327607808833,1.86803379075289,5.17878817235313,3.19741413818568),(1664,1658,2.96091007133445,3.66284163993939,5.46281022432276,0,3.04331116966901,2.40925006573456,3.30483479389632,5.45823108869409,1.64552828921694,2.11876053778176,3.16862056990519,3.09294216639948,2.70169809327042,2.17952800485976,1.89266322990434),(1666,1668,2.96882603023534,3.61580141675848,2.10033246245425,3.09746784394379,4.23975240060331,6.3382407840614,1.20935957998555,7.05871810844983,0.776938004647634,1.18383254115318,2.61098921019535,4.47438543026759,2.21570727358626,6.01773618091779,4.6484181632709),(1667,1667,5.57791705093893,3.85640361345071,5.3632481814247,1.5174873028908,2.54213256570246,1.91506982799866,2.5957621796565,2.65308935900157,1.93240531383334,1.79040266979034,2.70631304863117,4.95071484584798,4.62502685942558,3.33718360234672,1.75473925837738),(1671,1661,3.51123499606253,4.89902811581759,6.46317255960156,4.08248619548143,4.31775024191624,4.21614083356661,2.99472807837636,5.32742314318972,1.96441456474936,1.32728493343,4.46559756751956,9.16535791877122,3.30473347228401,1.18126705975184,2.17116793753861),(1673,1656,8.50151759102434,2.39002314085602,2.49660450790857,2.61245087117761,2.91294538723884,8.59148510571704,2.6400887251533,3.29739515203778,2.13545334997843,0.984866031144885,2.64149770163176,3.23644718714399,2.67709727319398,3.0623821521793,6.89308578328615),(1675,1662,2.69092430211194,2.63448256312278,5.50112819964284,2.89531208170647,3.00103212087737,3.29931888968878,5.60680385358164,8.64288033748301,2.41994626966914,1.16009079716908,3.17196085060011,4.33052168766696,3.15238182101459,3.71262609418556,3.14626197660553),(1677,1659,2.71014534534602,3.75870775172476,11.6222764274926,4.38109379274442,4.94607086083644,2.71821849467424,6.00853170947032,3.53523869259219,1.9334373261203,1.58161035339876,4.95720102733985,4.0099703457885,3.2331047966823,2.0774710003792,3.30479850775306),(1678,1678,3.23045224612713,3.88477800481182,5.2072156620377,3.92406137727352,3.14630561289062,3.72610699666865,9.8091639889971,1.70512258551115,0.791649308091666,1.81214654533599,5.15049955850006,4.37079371377411,3.41090770636824,1.9617959122229,1.36883241218546),(1680,1680,3.41024494386323,3.7987766206906,3.35012838840667,4.27208123806022,2.92775495454025,4.07976904463186,2.82731702719115,3.6785995406684,1.65995604088419,2.48658344855896,3.19142563088181,5.0844498829165,3.41310036897993,3.58850425918046,3.55838400967891),(1681,1681,1.55981503416487,1.99394728185255,2.17294301123505,1.40828236619194,2.18008295257873,1.90879889880446,1.83084261979709,1.45643762122087,6.56432601204966,5.52641643950827,2.69547545208294,1.48528046095618,1.79121358637481,2.55677354547752,1.83666038732289),(1685,1693,3.78644418941011,3.61478996815429,3.12903620666483,3.83922913504302,5.02364245428883,3.44513837556861,3.26481729201703,4.44522894127289,0.924933731562918,2.05411821299003,3.13594255026339,6.77510270817783,3.312571576189,3.35804738481303,6.65523269704943),(1687,1692,5.25129856953961,4.67478568578056,6.23483543996153,5.40539120700268,6.39757045967603,4.25354637733735,3.92591619196608,4.29108459882654,1.35933230204239,2.07657788584974,2.41666148748904,5.06607699136488,2.45078129598643,2.36157830969856,3.81974278400055),(1688,1688,5.61049779132774,4.50543888465725,3.45564571171793,2.4817646499094,3.51535398738563,2.38582346456497,5.19371973748412,5.19939961510949,2.53965244290351,1.95388998862541,11.8645913725309,3.56259758976047,5.96719790323619,5.48641228040002,3.70581257695503),(1689,1694,10.1375570415757,2.60054689814438,4.47375101343425,3.44024752408206,6.58641845279268,3.38761765934107,3.38980280555045,4.52982462369393,1.95155688726152,2.94956377013328,3.88567718990498,4.84087680675448,4.0310574964071,5.6953837634134,2.70244986520304),(1691,1691,4.7517056361741,4.45312567872279,5.10552897341091,4.0238377500118,7.47999248164963,4.92866602110419,4.25217808789689,3.9543886764758,2.07635396090608,1.34795347508494,3.86784641549636,3.45814666913498,5.15435942137236,2.68743877300488,2.88437710833888),(1695,1704,3.24663609815381,4.40233908337334,5.23959577624809,6.30973421000873,5.43115617109829,3.70060773833972,4.97332651925005,3.06965456548328,1.41890117762962,2.3254400887396,4.63196599204566,3.84863464335711,4.01819504136988,5.45636216968848,6.52700890979845),(1699,1701,5.13114813113115,5.77927139761556,4.13821738419498,2.76739110617503,6.46468888297717,3.7251656046391,5.79585254052494,5.3711128916514,2.3773071298349,1.97622711434507,5.24803561477933,3.80279326561102,4.55813117661198,3.95940830943814,5.27872899719629),(1700,1700,4.35239351673463,2.75884028971159,2.27461492907844,4.31936225872575,6.26264340909216,3.41277827808353,5.58503041015249,6.1119139953594,2.03885907922798,2.26525954473118,2.4729955012163,6.80530718927155,3.48501681525801,3.63567321029058,4.56154731143209),(1701,1702,3.34539905637255,4.74604183428252,6.83142725878251,3.85987500459279,2.88141210882443,6.16616127969535,3.26736979558402,8.95495780935959,2.55279670595077,1.24209904407177,3.03803123053019,4.57846889772116,4.20585484842471,4.51245464009142,5.56465709423115),(1703,1703,1.55766389447685,3.02249978042429,4.32955981557472,6.15732719453802,4.46053633883229,2.21644675334632,2.78175440199669,2.96128234971741,2.33884135440799,1.18248681834574,4.72057986037834,5.33731269705923,7.06407227318363,2.98323380018166,3.61730861812314),(1706,1706,0.843987980036762,0.399754930229082,1.35437245367005,1.974955403772,1.47011398032762,2.35532691287116,1.71553651019831,2.05532227318459,2.52858022919743,4.7831790711039,1.90474885793992,0.766691694924483,0.83602488990284,1.09531312342322,2.23080116714416),(1708,1708,2.98648715411896,2.23020884319759,1.7938880446297,4.13083237113915,3.37152519461543,4.54315534470182,2.2331866482716,5.52864533915008,1.33104437580605,1.74616501630608,1.91521763412449,2.75433214803615,3.52453238404247,3.05233308269326,2.3767668103667),(1710,1712,3.16639213939788,1.92185457940602,2.5095186619661,1.37458095384793,2.72353821830013,4.44548164238053,2.88013968790541,2.92426875001606,2.20015147229577,1.33495164352389,3.92001988284743,2.36295166620398,2.70149289906762,2.81555014022529,2.44771604783857),(1711,1711,3.69867851847966,3.32569293891286,6.25054130514435,2.56213700374286,3.84345818891015,2.58396897555133,7.4096087971358,5.56070529018808,1.45751007983057,2.2430443213439,3.01584253165716,3.41488230476026,3.43215774384394,3.59665170897413,3.16732986650745),(1716,1707,9.26041577429441,4.32111727127669,3.83169444711056,2.22585627169848,3.50986638306543,2.71279274482008,4.49094597321127,4.4724881538662,1.76911393490148,2.12494607840166,3.02480825281363,2.97653365159495,2.3314055166842,2.29659205184826,1.10422455763579),(1720,1720,5.12721129385994,3.52932164685647,4.48452218460259,5.63616228452537,4.3092023039441,4.46717884403908,2.60627098530981,2.38709880591114,1.74750111566541,2.17945708439646,2.46091206177717,3.66994219427405,2.87251399627049,4.41658856151043,12.4820649547424),(1722,1722,3.30211309617598,4.82923249780791,1.5729920367777,4.18983393248455,3.42334574246139,3.15948851837892,1.78976620883357,5.58761291955511,1.83570976196506,1.63009349002509,3.02482282165724,5.08836238571742,2.47613064458723,2.02618108151047,4.98334128735857),(1723,1723,3.68574019347931,3.32697233605323,3.88210750396262,2.72903999705078,3.97322291653786,8.50169211201407,2.4463657973241,2.85802875422252,1.45324525238366,1.32661269143794,2.61527407617659,5.39475113254063,2.22418294723773,2.30726934483392,4.42833874908366),(1725,1727,2.43550972612992,2.67881810256837,4.62454736139931,3.01485597089919,3.06742521057461,4.09185978886685,1.4316317207767,2.39625763363938,1.58747027371648,1.64655332081133,3.59008175405646,1.32263412937704,6.79462821536154,3.31575591065921,3.96359454419089),(1726,1726,3.02305731786881,4.65629592257813,4.08197639610053,3.97502858519657,1.45785106983064,3.16314482319815,3.65579982036652,3.38075105809901,1.76831595001312,1.52364929751178,5.16231028010355,4.91880676745253,3.57164477734232,3.3467590491487,5.2244646623587),(1728,1728,2.82076508439451,4.57142422717748,2.12924211067513,2.419206568461,2.03336104970876,4.17456365656076,3.16452065798095,2.8102643091767,1.17976777258416,1.86274920901207,3.29692862033185,3.1901188836689,5.2596802041119,2.94524243140852,1.70630620639271),(1731,1731,1.74890130895285,1.44812417541592,0.504104805630166,1.61437846881376,1.34758182987139,0.671138670047354,1.07336907061933,1.23690461840586,5.24237506976693,5.32669030072999,1.4518019245713,1.3223046954897,2.10001213422885,1.10205517187237,1.49381362255922),(1732,1744,4.12084460171084,2.7514919671838,3.83969158490423,3.70601379910421,2.5681623667067,2.60423483134563,3.76197498183373,3.53538082464327,0.692620246437841,1.33691591654113,1.58571911960686,7.02904412233064,2.94721714973706,2.20480380921198,3.07489017726219),(1733,1733,3.65674540812663,1.2179615424903,4.3786447996184,2.80214288590595,6.50988056118019,2.67189438255592,5.07308675001336,2.18302503634643,1.82795877268589,2.00297304977222,1.55327125318339,2.5740551189805,2.09733909370334,2.71546826809736,3.21619908295499),(1734,1742,4.20854778436019,3.22070330301763,3.46296391908029,2.25345929695969,2.21533859346553,4.59969373846551,1.68453144188353,7.59272223865984,0.95383718690405,0.492061840627304,2.94062077995999,7.79951303295841,2.73450528315243,1.95858633491235,2.22041818118857),(1739,1747,4.08167287446364,4.90340120629255,4.8734883781587,2.63915360797907,7.89271522393886,9.50866177144729,4.27597156533597,4.5471285553412,1.52331344769046,0.978830878248536,3.38749535732991,6.50664914810178,4.05658594066459,3.98018511701688,5.44706549257155),(1740,1745,6.57443086311654,3.64717424751182,4.86848924912992,0.792824046057324,5.9869740324567,3.35644153377341,1.99653513640407,2.6947120664752,0.816347194094036,1.37693462598732,1.56170094028028,3.92251430071272,3.01397030009032,3.19801522320168,2.95359169326229),(1741,1741,2.75601955851352,3.15046522771612,6.23105935967002,0.887556391111268,4.28717597190173,4.24681547369311,3.98907812020883,3.61778459317302,1.67519399758874,0.575175866725887,2.97030870282972,2.8730188168953,2.65864760916882,2.04370618671143,4.59884432898582),(1743,1743,2.19573680105235,4.50616475352156,1.88848105236038,3.25535917325444,7.55395379817394,3.12162566261455,2.9035119995421,5.14815607078389,1.34562796406508,1.16775577504426,3.38811083486644,5.89391783679238,2.89553728954057,2.12245431233408,2.37770928147081),(1746,1746,1.01390422507337,2.34559209191539,2.70211003874958,4.08002320728571,3.88457637685646,1.08597122563941,10.3190179786165,5.44713169636533,1.66957714629967,1.66304852506333,2.56397787726603,8.33302531144462,2.76533362113756,3.26002888288021,3.09687033843569),(1749,1749,10.7994687969606,1.83012164372416,3.42057519595773,2.05546289779466,3.71085812001397,5.39787919222503,4.8416473125292,4.89435740562958,1.74317503224682,1.39996532341784,3.36601734953846,4.65133435430992,3.6574631316614,2.15316849025861,2.72249408032122),(1751,1751,2.81354949707845,4.22046406745969,2.77754383791486,3.66130079637894,4.07279801342967,2.9681714192395,2.86938620413219,1.13191998619618,2.01297430277455,1.79189725821006,3.56405280589034,2.57672483256018,5.33717089783423,3.13290844256686,3.74746801012002),(1753,1753,2.57993479852613,2.25346182291515,2.58303194906985,1.49237973941023,2.58770153589219,1.80377493831085,2.46655083219611,1.79225491440332,6.25151035240893,5.17903768060774,2.47839386608735,2.68533755987734,2.07710559635973,1.76921117234538,1.82474769377845),(1757,1767,4.3920324906217,2.79016346368139,3.90980873479056,4.14717674200061,4.01872878984592,4.77532442193838,2.8487514231128,5.31298520143486,1.69558967125224,0.712695201565347,4.53884926520207,3.0361063759384,2.28196673181852,4.54639697992253,6.71603884076677),(1760,1765,4.27222114900521,3.99190363155638,3.91447467496762,2.83241421691267,4.57540565178442,3.64186071442482,3.87227699272417,6.60863869924351,1.82792664972175,1.63261920972442,5.62806225967301,4.02369161376369,3.15203674298042,3.34251413998165,3.35228677746904),(1763,1763,5.91239681101059,3.61505133644203,5.14155364246776,2.70959955046987,14.6185312763853,3.72156032953366,5.28230368386331,2.47857539816928,1.70760163539057,2.15264394607993,5.79377872612617,5.92575139187008,2.75116868444002,6.68238761707177,3.83570228159041),(1764,1775,7.63219874211487,5.23160194993722,4.54198628727501,3.53885109845203,6.3858589938296,6.03395120579387,4.84610402554029,4.09166426563046,2.88936582802104,1.19077092464192,3.06070569773909,3.44103503417429,2.71019719728292,3.44997375768208,4.82762906348816),(1765,1761,6.69417140650328,4.05279707849036,3.84962647478379,3.92058605262751,6.37753607781798,2.64395906415941,3.70643204878103,5.53281139824868,1.31824789183481,2.22762226041835,3.67749897482735,3.22500782989855,4.27467193371765,2.53928310837422,5.33859742850136),(1766,1774,7.15226469508713,4.27700925018795,3.08741148552301,5.79889706747931,5.74382393590794,3.15217974125665,7.88006936531511,6.83692611928539,2.35598501403214,1.57588667680308,4.50841864058049,4.55587726203878,4.97377191784578,5.19379157839772,5.54424685674179),(1770,1770,5.2348825188915,3.33321035497768,6.80226261999967,4.1369046513008,5.40892032791099,3.47109317693521,2.92147886352937,5.92959845343021,1.87204500130968,1.63736231521412,5.42786760806903,4.53418031144627,7.69687477701352,5.56548298461059,3.93750548971121),(1771,1771,3.91068507131371,4.11678557029173,3.70667832717858,3.21407860727225,5.07338919624701,6.04867006179791,4.8990813469584,4.37544240341757,1.86025122959374,0.866750917030887,6.72108497152137,5.14679141430111,4.67249308131989,3.72460317532424,5.89723582848324),(1772,1772,3.24659252123663,3.83435825029339,3.42972333978669,4.67215913646564,3.95821040090701,5.09808096958469,4.18562710786497,6.02380358822321,1.10718328875865,1.54541138322786,4.01320141877408,8.24017603572412,5.2768756330567,4.55260733961489,6.35601299777077),(1773,1773,5.19037583395141,4.59680058683389,3.95250453588744,3.84745170878767,4.46192699858207,4.09714149268399,4.1689398073341,4.801016701646,2.30752674588046,1.81903549478559,6.07859607361744,5.62603644070391,4.08658814226765,3.54240181296816,1.33455447279296),(1779,1779,1.18943237870679,2.12561419113518,0.819898567740898,2.25102764684052,1.24023116902061,2.36581627192888,1.87421642155593,1.17514452433401,5.3119960257118,7.11526841850067,1.43822996513778,3.57717705443375,0.772785450591684,1.58550749184176,1.85808714724722),(1780,1783,6.75033778848182,3.91925957726813,5.55417732435347,2.32263566575783,4.93728015139968,6.2371288755578,3.59634710451057,5.16434000287458,1.96491496213426,2.54161199111934,4.72108407222008,4.17987224402657,4.11972242951803,3.92699075092614,2.22389257086182),(1781,1781,3.98075745612236,2.89571947582595,5.88448708477902,4.54974938574713,5.99419029803404,5.68580900554422,2.01075526736375,9.90499618812575,2.13962154910338,1.9624314460552,2.50121607771936,5.76630513167592,3.48238352084427,5.05285364613995,9.16850767595847),(1782,1782,4.26156885179112,2.17172952294624,12.9921114386917,2.92105405994234,7.51252900912408,5.14365239038809,5.27120665647162,5.02706598765115,2.34950522833579,1.240257767819,4.86012711942426,7.66394353273207,4.67410243864864,4.62744136872173,3.91677077647113),(1786,1786,5.35404423109265,5.27691231348871,7.39844222201137,4.71364456508439,3.69240798193623,2.23189052278153,5.59911415756388,3.97930608785095,2.63572998705356,2.38507386759268,6.05443498644225,7.26867489822831,2.51540488057941,6.83721197190096,4.39979311655532),(1788,1788,4.4599360375999,5.13204330098613,4.65164877479306,3.41318950103177,6.19842930411085,4.62192462033778,8.94591373234507,3.98762459438482,1.99179142205486,1.79666421127001,4.2836691701974,5.2733644848436,4.47652840451278,6.18967786635605,7.99247215043918),(1789,1795,6.81931490399545,4.78382614660506,2.92097341536832,4.05014319453055,13.8003472458909,12.0395418482126,5.10152692081388,5.18080989362466,1.98862635314679,2.94323319732875,7.66954044508184,5.41054874611458,5.59526761757001,4.64844780190079,3.29590320213369),(1791,1791,11.8505142297127,4.96309140005617,4.95769443961026,4.62398883865646,3.912884617819,1.80694370815913,4.51206396603422,4.30525944025057,1.67864692383001,2.34755310865109,6.42419009577731,9.27539923825519,5.78212494197266,3.26809387150149,3.83479047690163),(1792,1794,6.56823894515694,5.14226170844991,5.13719870983072,4.19499339451651,7.50043223893807,3.64765051828167,3.71324575796036,5.74688696264999,1.39607073575574,1.869773227143,5.66582003902792,6.55644894053723,3.19317791440566,5.37994706377731,4.23523952708951),(1793,1793,5.05323268944194,4.61384828974102,4.17342010039173,2.76247865414367,6.52532649818185,2.44319865873866,5.16754464578733,6.14637949122153,1.82018170277728,2.24071764164423,5.47284268900913,5.30352147660418,6.99217432199519,5.75061834084731,4.6230197128175),(1798,1798,3.15958177023993,3.20268631997567,5.0909841743263,5.51184108155175,3.44109641741984,3.33776937735215,3.67262991008061,3.47224887787573,1.3612171150419,2.48328464697955,10.3866385830434,6.1187413005461,6.6619635836138,3.91827827526942,3.38477953587088),(1801,1801,1.62921155758189,2.61834974511707,1.65033847120735,2.22297686775511,2.22523367949982,1.58237127526388,2.26336739261895,1.76320224672007,2.58202845237223,3.85401387677432,1.56036379719468,1.87869292847889,1.84247068031476,2.50013390593821,1.82388938630012),(1804,1808,6.20924492674686,5.18874834125861,2.67591563751997,5.61780189096559,5.02570466455591,5.17659314930142,4.61537789177726,2.45212333253837,1.98883299909959,2.48190412210226,5.00614552063386,8.23431028237627,2.96694805574507,7.77941725269828,3.42127346203773),(1805,1807,3.64658458540582,4.60332221205374,2.28507424679234,4.10614398506106,6.03533014472097,2.32654018833253,4.56552739256507,3.84072939070834,2.90289203456776,1.51730284315179,3.40261039705696,9.45485113840371,4.04423193152593,3.42990023122848,4.7319457045798),(1806,1806,3.59695708292973,3.41403881014826,4.82700190337895,5.49583429144644,6.52785532522164,6.2248752556473,5.17109287923931,4.91622801641003,2.41772736063002,1.19538501869467,4.70957327636324,6.26026519787304,3.75360682578043,4.12009189007947,2.72451704735019),(1810,1810,3.8905906760542,4.10242297039773,6.26193424984671,4.80374937388883,7.5979177332883,3.66731131214407,4.95971445945837,5.39970767388439,2.0024094962038,1.9413450902272,2.29115634955621,4.99415663766179,3.54629406352688,2.76249541641342,4.44046136228178),(1811,1802,4.71173311572511,4.55089145385967,3.71407756097221,4.12012351117137,4.19685028409612,5.54534987697419,6.84655191750874,5.02407356282915,1.52845464584844,2.10087699459993,2.28275498253783,3.0305464286066,4.02492151519449,5.8726894903995,5.41307174014378),(1814,1823,4.98858068594991,5.37628191774295,3.75764621438283,4.39563607102204,4.38580421331659,6.34977682652405,4.14773481304747,3.2334788377806,1.1967999618032,1.22602986741435,2.87665715395854,8.2188793991465,3.81315161958195,6.64320738497381,4.99411230648417),(1819,1819,5.99466331470103,3.86314033995263,3.40235455174596,2.93759804128678,2.93784522285899,3.70423022263079,5.67457503089379,3.70735374687449,2.36040811821,1.43446368462321,4.66786390475522,6.51208956215893,3.32085890343073,4.68601286968721,6.20878802244071),(1820,1820,7.80028467800269,4.5481623354163,7.91174386495233,2.44125227578056,6.29810698891517,4.53450471539044,4.15631139484863,2.50203870095164,2.97959784509993,1.76129346703035,4.33835607641643,3.66511871496585,1.94566458714609,2.91301755016779,3.59482691223304),(1821,1821,4.00661194429569,4.55271290240144,3.93393701258376,5.91987704914136,5.50279440669023,2.88568353494694,3.84412222991568,5.15200591693397,2.50404621658874,2.07912904364998,2.89297508839173,7.35010013611021,6.20500243658887,5.58068649618615,5.62911619328815),(1822,1822,3.41029774159482,3.3824776952377,3.92481144997543,3.8451291705549,5.62321757721224,5.1057959662297,4.93140086914787,3.82699281284514,2.14079435086549,1.75699254602457,5.69142336747196,7.764851820795,11.7429500266167,4.67055078796758,4.77321644148294),(1827,1827,1.25663990157609,2.06759431467728,1.59555940172384,1.69228426952347,1.7217475652409,2.06314194064793,1.31057791865831,1.3017016423919,5.3501498386605,4.31556173131586,1.04566557689141,2.24761544033808,2.29456302642186,0.973978799299681,0.786748195925664),(1829,1829,6.74746829826688,2.62618095960168,9.77692917924946,3.47547390218711,4.2914982618047,1.21954203766315,3.5105195420609,3.62288984658728,1.20857623519449,2.50225253683275,3.21471305829047,4.58766027461249,3.19948795718911,3.26816985935181,8.37000571784916),(1832,1832,2.2012879127321,2.77614059005904,6.29123350683423,4.15458562552619,2.80846369994459,3.47932954168036,5.45065276287065,3.35994113450667,1.23556127020643,1.95601062951075,4.02000704386723,3.82205893031402,2.64657537713303,4.81516040838611,1.82608524299199),(1833,1831,2.59556937108418,4.11851405453011,5.54115009012842,3.22416815011359,5.26305570989833,4.14410476800622,5.53387364175781,1.76803352383874,1.2649524074227,1.83496415538238,3.09976054415894,1.57731243017308,1.60363333645328,2.4267648899541,1.2466715039871),(1834,1834,3.48104871558228,2.29840011886774,5.2342796588447,1.16940264541,3.28885579662998,2.95492756352398,6.03437503507213,1.70044357342506,1.55680229118465,1.02567745314946,3.02181054579642,3.29541933495222,1.59248761010228,3.80681309964983,2.59131299696273),(1836,1836,4.53869287725763,3.73951468000454,2.51474842335629,4.0022918893013,3.51075957851892,3.08034798163406,2.71090814114546,9.08628684296037,1.73710132118035,0.598152240120542,1.65358731861836,7.46328664277165,2.23177480115665,2.60308200277006,3.36332202130639),(1839,1847,4.74498656620331,4.26000818957908,3.35336323065269,4.61816081498798,5.32519836081429,4.36898604575565,2.10078342209543,6.48578816133941,1.35343320303872,0.507892415146386,2.40481974245809,2.45614829926733,1.60501038678427,8.9028133005589,3.96398031386893),(1843,1843,6.02057828001113,3.33044831204823,4.8351845480647,6.42580837538609,2.90897446369023,6.18005794267023,3.57993760251628,4.11586517100848,1.00083576633218,1.67733954783033,1.38046737901145,3.38777838514083,7.54629213815522,3.20189560811363,4.8651925427541),(1844,1842,7.4716609803781,2.74188374255051,3.54552838061471,1.41962156894109,9.19288342737556,1.31058644436104,4.67304664632482,2.05212894808397,1.77254211724243,2.371967729472,6.03565430515143,4.96370825367002,1.31254965806849,2.30137041511284,1.12491741022864),(1845,1845,0.740705681084643,3.49430419257134,2.281915805126,2.42714958627618,7.73145881380086,6.34290498023961,1.71862845910389,3.04918903402801,1.80506748016929,1.62071577481936,3.49842870121713,1.26292103341918,2.85989782061978,3.94952274593092,4.80433105293604),(1846,1846,5.52700362043659,0.912167436970937,2.34989820422128,5.87730148543465,3.83525282994519,2.17214536252309,3.72315843177798,1.58609497025153,0.655107197544022,1.78231510626493,3.94743528348193,7.57891242238383,3.24363834912479,3.23266768462013,6.92391151595679),(1851,1851,2.47827399274637,2.01447446393248,2.32851492010231,1.3763251460532,1.88211408561212,2.34114385667145,2.71577749699198,1.35958876383649,3.49092789320047,6.5780199590215,2.53810074031097,2.61828885829744,1.33005040113929,1.9739055359919,2.006760928233),(1852,1857,4.81219351364265,2.92352075842597,5.77500319047744,4.25560931976845,4.45443210985686,5.73931518013957,2.07206021047681,3.15197809478365,1.81484857173175,1.75474307882274,3.10198852636529,4.9859497899251,3.093387686246,10.1792539102713,4.30150889264277),(1854,1853,6.94253391934808,4.64533173901116,3.76270004996296,3.78892056555494,4.32665946190722,4.76235077419592,5.00979704802904,6.30341869022082,1.76315343438515,1.11111525396405,3.2194496103856,3.82090693802695,5.98132585811025,3.35078299548441,4.8229746818585),(1856,1852,2.52014882610341,5.26041585679789,3.26047157659124,4.34739514777345,4.40559257904064,3.43874344459376,5.3622032431657,3.41333274438119,2.14079219916663,2.10731685305238,2.83363767760206,3.54319101216273,4.13325238556042,4.23506734238861,6.1090590317167),(1858,1858,4.70069325407867,4.95174081584781,6.52566074963422,4.59932923774348,6.52099466047437,5.3964481537695,3.27457586436159,3.19110539081963,2.02392198332361,1.71335162609449,2.7052759709195,9.57185845064537,2.48437646579448,3.95391154224846,5.83954889977911),(1863,1870,6.90296237930282,3.04910216995694,5.402067691275,2.3521292752529,4.70867871263498,4.41708255650015,4.46397482913683,4.59637819541308,1.61365496517614,1.83144488084571,4.61559017459884,4.72060852257564,4.01351775589759,7.35429100368169,3.82746084200443),(1865,1865,3.09210500359161,4.90575760236448,5.73214708386593,5.0898950185007,3.98623489993919,6.96101793998837,5.65174401633425,6.23260284827477,1.98673900370985,2.25738982737968,3.82984377373825,5.98308265486808,4.97741564436376,2.79550870300932,4.0968288413684),(1866,1872,6.89647871207456,2.61275032293822,5.21033550899124,4.20531911963552,3.40936507596289,1.60097893904914,3.4265237268809,3.86133551468719,1.92129746521156,2.355289913244,4.98272697230392,4.42584255005323,6.757718004442,6.26530564768591,3.82980880870578),(1867,1871,5.20540348839604,2.47646179421914,4.691088254796,5.32482692649516,3.2566301079892,8.71318272396494,3.74885479265758,5.47072208970045,1.91375185175946,1.47479880945666,4.34426450863498,4.37347844811884,10.1808059531231,9.05916507302826,2.19434423399061),(1868,1868,3.20517897150637,3.98149412256335,9.15274641541109,4.82258042146423,5.27950859791545,9.01901747847022,2.70144454112631,4.60255234979615,1.08606469442839,1.75174918575596,2.58385009316751,4.00331262925415,3.28951155610319,7.29858104953116,5.25871867564418),(1869,1869,4.20599877040831,3.57012395819876,4.30027414786622,2.59859688042465,2.9774957762499,7.44448596905493,7.14799767066406,4.32029084212839,1.73119999854274,2.7975736326344,5.29980929618097,5.86513232559466,4.32904891831579,3.15164017158451,12.8947671133312),(1874,1874,2.94672355671244,2.30354842732509,3.41149079381128,3.4990949617156,2.87530219248062,3.21768024792701,2.74627961279312,2.98964630469185,9.78622487006913,8.74669701901362,4.04151986652684,3.55142827001877,3.0074216251964,3.15444162819305,3.29379047424753),(1877,1877,4.63037305944028,7.01691527912827,5.36434361397593,6.17004816016118,6.19734208775384,8.05223299031222,6.15706143807528,7.39678471605427,3.0646196035144,3.27820319755214,5.69147386335369,8.85123345418893,6.81586577110789,6.34364792862371,6.85268155922777),(1880,1880,6.56554437077356,5.7925603960128,5.37879758661186,4.65483698858188,6.18500701485719,6.2858397988406,4.58651749602275,9.96369395143687,3.11776049693253,2.74808033954959,6.21886558726463,6.68838405510015,4.83989819171859,6.86670452943812,6.0074967379482),(1883,1883,8.36340474584961,5.78877576696135,7.0239033106518,7.47866398768086,7.07131902397786,7.62269087559927,8.21411643664077,4.42173267742559,2.44695036512418,3.35150512479777,6.37283888604696,7.11448317147308,6.52150866566609,4.34743734393979,7.54055043982785),(1885,1885,8.25758601406768,6.04991830934375,6.36807602544528,4.55377223904796,12.8018344070012,8.70596041477473,5.74367018153401,10.6904536991577,3.38571541665634,2.74451975913403,7.37889576257658,8.05437727944751,6.15339038523564,6.43233841247963,6.22683215772133),(1886,1884,6.84679298808746,7.27666959482227,8.42768339572749,7.42424422764181,9.31208400264939,7.23246748690533,8.61891125564796,6.68842955718157,3.74299006942582,3.72224989754486,4.73306857657271,7.41852909422837,5.47941248584037,6.24641408430625,4.62613985715468),(1888,1888,6.27495230032216,6.9383975343439,5.24074146835493,4.80389357418706,9.74546457105216,6.41629534131636,10.7987294245712,9.64019823802183,2.67425938258209,2.4412649677589,6.5351063500675,7.75809394761704,4.95311262667266,6.00160366084719,6.05162379312485),(1889,1882,8.24189355458254,6.91814603281989,7.41440380861954,5.7852174034009,3.40478402333693,7.16118120578229,7.34494541498392,6.63029567160262,3.12555882379878,2.74940639905899,5.74067981043635,8.50383230396497,7.24123652619791,6.57965707491166,7.5934543925989),(1890,1890,5.46456954421212,6.27250857302702,6.05751288370931,6.62031344117886,7.28212765281507,5.66686841040428,6.6677175908023,5.62420997240475,2.95302673950392,2.87209642425092,6.66686099894262,5.91844604800623,6.36951949123453,7.63391135666897,7.03762333445039),(1893,1893,7.97532772528142,4.90494799385687,7.5522244092196,6.44569050804621,7.17406537482764,5.77426634750321,7.21598021829037,4.7307465874426,3.71986275644133,3.3623499703547,8.7179779785795,7.25279874766053,5.29003006735815,5.77521405687906,6.64313113904257),(1894,1894,4.96884661870953,5.2843465606966,7.58731787547905,5.97435037488386,6.13311298663706,6.22137998215557,7.10608849801919,5.08276519955473,3.03317121676482,2.05944864406079,7.74282779722807,10.5827903265537,8.43820053530396,7.78872063852795,5.48839192831069),(1897,1897,1.54359933439507,2.60204171750178,1.07831784657971,1.85461360054734,2.2371232416843,0.794705879851103,2.17867869286516,1.99882934572616,5.02604145026862,6.10184966694711,2.42434484913983,1.96612253374537,1.46276722409555,2.04319054423698,2.63668222506142),(1902,1907,3.97034696928683,1.4378508501275,3.51495415032221,4.01805858170488,3.5041157805272,3.18768987032648,4.30331875674172,7.7765463009969,2.19447628917213,2.57916918982333,6.30210549072589,3.4618763668178,3.40135143149374,4.99529780000896,4.51538010209087),(1905,1905,7.28298591787156,5.02964967606408,6.85868288336983,3.72573660921573,5.30687767854815,5.84583441164738,5.24999413787281,5.0744057985595,1.96831952834562,2.96441061801658,5.47959962133017,5.44042138421326,3.30193783152809,4.20002468252783,3.03640795144326),(1906,1908,4.84839745006451,4.14528200696661,6.53206592442776,2.61843576828936,3.94320790528653,1.34417348713963,6.00246379091891,5.40240666903043,2.60021006822854,1.44329383579347,3.4406417445948,3.22886747710717,4.1950933469745,3.86276917542536,4.50829268701462),(1907,1898,5.17801967946975,3.89317663337852,4.14937538688618,4.54739269153478,4.91005352135335,6.85964325882804,6.50787373473259,9.83947745690394,1.9994954518932,2.02910231901648,3.02496895621527,6.4124769291301,3.17868832517861,3.53493139150468,5.14553706870272),(1908,1909,4.12120739741063,4.57561490016037,7.42061820653526,5.27958643496604,4.85045773491853,6.47221893398935,2.62197484679591,3.58070239393085,1.62244867053437,2.47481956311188,3.78265821627367,5.35658820893341,3.49484617686197,4.44562800355133,5.14104470406248),(1910,1915,5.04540122670586,6.03776474280038,4.07873310886179,2.89231510782662,3.74107790692121,3.30514180058607,5.14647117983317,3.30799517460799,1.74685897668997,2.11971657463398,4.11596360732454,4.54868701084975,4.00452590886205,3.80046688093603,4.70880824039987),(1912,1917,4.97529913531688,5.44528654297426,6.71100305586136,2.79341288861846,4.99729095563733,9.82291513938929,3.95637879864666,4.53466393477549,2.86095347458767,2.00986178901629,4.87013409017669,5.27849919019504,4.15200534489887,3.35587284696488,5.72580072585877),(1914,1914,5.92096623250392,4.10531094569712,5.55784846357095,3.81751475112478,3.71761346798604,8.84679636396661,5.20222996820451,4.0092900460122,1.58579718179647,1.18364266277318,5.16054699163547,4.98621008997083,3.84975781324527,3.80804655501712,3.48079039970952),(1916,1916,2.72277071025142,3.05314271346367,10.7372287779016,3.79653504683759,3.9529624138396,2.9427038413086,4.45763781375254,4.35379731577199,2.43742119523024,2.72775487134517,4.81659715103509,7.2682274394006,3.906928695535,5.23423268472829,4.54090684654988),(1919,1919,3.97228007794699,2.5149423565648,2.54370855204442,4.25544483114606,4.3428093107739,4.88895235000668,4.1785833933824,3.30134422509471,1.78037680188425,2.0492744376545,6.21790217595422,5.2676150745758,7.9807852169128,3.25284061525495,5.50963452955881),(1922,1922,1.71602898386203,1.42264930435869,1.2360431886986,1.78458284837144,1.39525809837699,1.94201284070973,1.07421882406567,0.574159161766645,5.08394987436295,3.80177208976338,1.47522487913689,0.791464208318321,1.8536112711824,1.72147654884829,1.79640388037271),(1924,1932,4.26398773357834,2.66538141610279,3.37082783421202,4.19176157084638,2.44935895790422,3.96257137568436,2.72830638743961,9.8559374230178,0.515732522748817,1.20401753537301,3.88491741232658,4.5677823992721,3.76311169272808,3.92367102008429,2.51123845587131),(1928,1931,2.69467247758211,4.24884984342572,5.02017135227439,2.69857935207197,3.80632703317135,3.27175195129834,4.52675337897374,3.11879828796143,1.43669557986749,1.79319005398397,1.87197308517373,4.13189276720821,2.17934386461279,3.37096914641852,6.53436042679781),(1929,1929,9.38051863612427,2.6517302120227,2.32442215706983,1.13736895701291,3.89338984026509,5.14560447351722,4.70594772753208,4.13428049286171,1.75328860676569,2.03259630117207,1.70718770679656,3.80220018113528,4.60090308825588,1.00176287602905,2.59214259223177),(1930,1930,5.09851144670551,3.61717384471667,5.48294807150528,3.97609861346484,6.44214693438635,5.35267735761813,4.09056218544884,7.88375144702231,1.99565238566194,0.676905585947349,2.7525173524222,3.64822389740939,4.00861863344212,3.42343060232463,2.18076915750347),(1931,1923,6.2293433123339,3.40647381461749,3.63453834246901,3.44427961738937,6.61171579656303,2.1730778808508,6.85001549628293,2.31799907095118,1.38669132419273,1.7739353585753,2.60710209784378,2.00699429975594,2.46810543443976,2.51269493489381,4.88387322490902),(1935,1935,5.56623586630306,2.56508741249523,2.54391263132998,1.71924085547255,2.58179488310216,5.34435854263825,6.43182150169368,3.17968545959574,1.68964378231059,0.996083743501814,5.60360336386722,3.76790588417525,2.32446889451144,2.45489107275911,4.63388186156374),(1937,1937,3.77475364076994,2.71352347933628,6.19392106853997,3.34309772085228,5.91627843637526,2.48585839750308,2.43547491508451,2.02212653735751,1.08855954744652,0.695230534815069,1.85477987299046,4.34647592292943,1.33903645745303,1.24583891839914,4.37408929522879),(1938,1938,11.6945178307087,2.13925332296146,5.47258058093517,3.74695839503031,3.60818457169955,3.81634093629711,5.5233736087121,4.62966759086992,0.423810884352407,2.16861953528548,4.38777825933991,6.07416348573023,4.18403923800342,3.73678088986491,3.89764013749704),(1940,1940,5.11342968229925,2.74573448925669,1.43568047189545,3.83939192331679,2.75400281247128,2.78141128004108,10.4192930270185,3.08078595270474,2.18299319978741,1.36220967786638,3.11458588386367,5.6095740844653,3.68636937494448,2.24480484773399,2.63674821363978),(1942,1942,7.54793059672804,2.65821169487343,3.09222757773678,1.36397532175859,0.577501085833732,5.10273684757374,6.68406646382858,5.34633916428627,1.44245644097355,0.933546968032235,3.23364267001689,3.0151455325998,3.45886613111702,2.6884681475307,1.70604652170591),(1947,1947,1.3897023913403,1.46936587792762,1.74491013930427,1.82797805195184,1.59679651402541,1.87221249630393,1.537089307549,1.09673136099614,2.17689523641632,6.53005137854169,1.73442772211183,1.02729965949917,2.16997215089508,0.870986819589623,1.57945464118051),(1948,1948,1.78587803530999,3.23291613438432,5.0780703927518,2.92560572123039,3.99069924502416,5.22732975906324,3.23421984696366,4.0855233656971,2.4507222671909,2.28304388253351,4.08114603576016,4.53131958067836,2.59331570466363,7.73978153272237,2.01906413220017),(1949,1966,4.58838972389142,1.37390652659212,4.2889225864206,2.35000113272614,3.3542191880823,4.72901183469609,6.30202068778662,5.1035598668182,1.32236572036204,0.943142371634409,3.474197131483,6.67867136656625,1.97175545173344,5.32059191307783,3.3140667508753),(1951,1951,2.43891090072006,2.31988626805238,4.39842692454585,3.20917667160682,5.53418546123119,3.73746915885982,7.60226526878736,3.85293437996204,2.11246050754558,1.12648512557693,4.23451618192109,3.89509848362878,2.06008747160784,3.4797039203048,5.36092067835006),(1953,1953,4.39203779643403,4.78755037114436,8.3926635764484,2.88826743905326,2.59419173252796,2.96158663483722,2.87185897668243,5.08310650949515,2.2865145654643,0.994656223521122,3.82664792052775,3.52800443561327,1.96484294986751,3.62164477776583,2.84793187655237),(1956,1946,4.50728427541662,2.53480632269072,3.3387211751409,3.38816461665596,2.73362363118108,3.58676934998643,1.59563426655938,6.34156425605063,0.690777439203533,1.81255343149114,4.25007016792295,4.88431905476277,1.18590984367829,2.20951332474925,4.80368724529285),(1957,1957,4.92284104537698,4.49225950887835,3.36712521730982,3.40642054396453,4.37251574869219,3.45351603924832,2.93528880032909,6.74209418427021,0.364062304606008,1.18274929116746,3.94749519383366,3.48101348692832,2.45093232935475,4.62857505389664,2.48140265017836),(1958,1965,1.53689879075158,2.81733530054807,4.34496004072426,1.57857285770123,4.73308819053381,4.89787974332386,8.46610604073346,4.37392971577683,1.9415830718505,0.864396962447367,2.81194645385446,7.22158242819545,3.35780971072408,3.35070248891684,4.63621242486354),(1962,1962,5.46595523717262,2.59477499518409,3.74526677107116,4.55363080817403,9.34087135638532,4.44343494876701,4.02067627025706,1.87822008755951,1.03677276152173,1.38304316715646,3.76929281039925,1.49105516858506,2.86434016361937,2.50046640959403,0.668891952131253),(1963,1963,4.34339254257674,3.06184954018826,3.42720421244116,2.29820064112528,1.91036576486521,3.82741337179911,6.033770884764,3.56295284884705,1.34063674114875,1.20342634611675,3.20625952332402,2.86695946282234,3.16833016366631,3.01638315441081,2.48680652442772),(1964,1964,1.85688410583532,3.48725160405592,5.43076758846489,1.50006103227874,3.06585685184493,5.2634334744475,3.4575991730471,3.58824842268855,1.98233086801705,2.11105682510408,5.18893259813404,4.00897289030196,3.81131461125752,4.24150464910267,4.60336620551834),(1971,1971,1.93314510724725,2.90100671919126,1.66155941861465,1.58997822451225,1.97396156284017,1.75769978511463,2.71620653589182,2.1279789924488,6.4639201325626,6.07266722652055,2.00081399761109,2.59236163291327,2.08561114128776,2.41685219364421,1.58839736306195),(1974,1978,4.61830354302499,3.39153567284826,6.91061357929121,3.22817062410971,7.46103280933131,5.17767322926154,4.39874974509189,2.1429495582503,1.85129945893815,2.43733970212792,5.59015410349817,3.67590332857996,3.07687157992816,2.67562099335732,2.97235048095746),(1976,1976,8.6447839066247,5.72654708039629,4.85600240855439,5.00775586850875,4.13274980717434,4.88798555675511,2.38613715111081,4.32316083107763,1.85946907198634,1.91628742615698,2.95997535796015,6.94419966542131,2.7208733511742,2.91703744932099,4.14092036553969),(1977,1977,2.80924566758851,3.5484165379746,3.70648374334584,4.24258256987625,4.4581026856062,6.7810680874264,5.42054233510126,7.84742524703315,1.6062855425043,1.47080665967209,2.97748044042083,7.81438408598621,4.82997714188362,3.64252165684048,2.78447442020823),(1979,1979,4.15258596647033,3.33124359180115,5.75586641723443,3.9990367031365,5.02522458677747,3.8968460646783,5.26089563956328,3.62339333981585,2.25383203133846,2.2515305401517,4.31890814801103,3.00830560606127,3.52950987040074,6.81730310064793,7.14232764350047),(1980,1972,5.26838402542758,4.76947831484803,3.49487663843025,5.19143552736361,5.98560883683405,6.24327453720543,5.08602023903488,4.62461187784512,2.03898092091992,1.62724595750273,3.99889088850809,4.03399411303398,4.05466883427098,5.37333215292388,6.94113244994724),(1983,1983,5.39915137056557,5.10933791389668,3.28772516776436,4.30391266134189,3.79431375131494,4.62047576279893,6.01334575971973,4.67010094288159,2.82694024863947,2.90846766063439,3.91843781821144,4.26247248662885,6.25669112226143,4.80223508413241,3.54278803198866),(1987,1987,5.61664676000327,5.42483923225013,5.08978695889885,4.64423804100661,4.45724814158378,4.19678793216997,7.15474934248204,4.09990881522893,1.66386260140131,2.57295791821487,3.89371793838327,5.36896909566393,4.48657059673151,4.58080639219561,3.93655567810065),(1988,1988,2.92490440395504,3.27710615271947,5.82825230876243,3.6794102201667,9.84560133386479,3.82607251178529,4.42317947454041,5.63593005198421,1.83455049470132,1.88481468784398,3.70858648599386,3.39330495728505,4.40026296970213,11.586006803945,1.6507866141956),(1989,1989,4.75072971899121,4.57277252244857,5.26768921772879,5.12818176335644,2.72620512237876,4.889793028857,3.05466339414881,6.87011793476548,2.46226012629831,1.53754114542391,6.19865771164077,4.67461965611503,4.85815258418267,5.21767038821499,3.87263853380053),(1992,1992,3.67449005096759,5.02260548925669,3.90250790307762,4.02213721738641,4.29846306838729,4.19716276856586,1.95869398876903,3.72330842475898,1.11827496118052,1.65286754025437,6.45145434459261,3.73129569185974,6.95150112026862,4.38969634073853,3.91335249793759),(1995,1995,2.51817974342077,0.542729945999596,1.4354762479429,2.04181686257746,1.38911099742359,1.3873915226913,2.01254227484741,1.54016858258248,7.44982713943854,2.75289047599922,0.979792566316387,1.17725179372899,1.97570842078773,1.36734629662982,1.45718336586282),(1998,1998,2.11843903011759,5.29088502393232,3.60104632697067,3.5189888588643,1.77055176147376,3.18508865602314,2.84348404365455,6.16493316359338,1.55092064329184,1.26876948120062,2.07086341888184,5.18517787357469,2.47501141131181,3.14279018947988,3.85416241926903),(2003,1996,1.9045110579301,3.12798693066047,5.56762179532963,3.53310127000836,2.05678720193476,4.01003809424809,5.93709478562312,3.58084362103375,1.79932813707042,1.9151381756952,3.58541424713137,2.98848661035846,2.63905208040088,3.50985114517944,1.79648150047253),(2004,2006,4.07558992902964,3.44758454480632,7.78980205323043,3.11156113018942,3.01655913013227,3.45116685835462,4.71337826246496,5.8378044828527,1.57694435684979,1.42526636026692,3.12539749537545,7.59197633665554,4.48576922514859,3.82660051195102,4.0166814917109),(2005,2005,4.43496953576822,3.64870164125751,2.82198369008003,2.70520411881736,3.24131360327362,3.21450036129233,2.35369670507835,1.43621400304036,1.26087932665032,1.60757257443197,0.323049096689755,2.98052622615621,2.69011312927434,6.87327241797052,3.38256903829823),(2008,2012,4.11648197276058,2.80878295510974,4.93221019544822,4.70004718728157,7.33109296237419,4.33088252222733,4.71567974519569,2.33226506486324,1.16034822868247,1.89577788413656,1.61730826459088,2.92890110650259,2.24813905202597,2.88150968970795,5.189952200066),(2009,2009,7.79807732416144,1.26591644888989,3.9569750372906,2.55393210588018,2.14153431722884,2.40122589895217,2.30241331251863,6.82833501536691,1.42845760701282,0.8791353355378,3.91503301799866,4.29629196441511,1.40289800255319,2.79744543948949,4.97544165704005),(2010,2010,6.00831561174187,4.0651996976012,2.97883057248928,3.33639204164541,2.78604637133432,3.66182728441157,2.25387696729865,3.49068986552327,1.15932976579269,1.89222359182144,3.08588832548371,4.72343894523932,4.78652608887832,1.55687371852513,3.86447921244348),(2011,2011,3.86994336348401,3.45793998239614,2.16783744781607,1.57131662690633,8.21096695367446,4.24348926561052,5.27396776975531,3.33432306942399,1.24521312207695,1.874123565983,4.61511375936391,6.88555097962509,4.36941032591329,5.82593942165187,1.9130761274952),(2014,2014,2.15988095657609,2.46346718827658,3.3827685605714,2.45716605896453,1.82819431961656,3.33117362767587,2.65095903558395,1.60690935746492,1.3808746795111,1.08363944967569,5.27392149611835,3.38652732011577,6.92271341394929,1.43956053835553,2.58637080485391),(2015,2015,2.51939359981284,3.2410142767752,1.92118971397464,4.20705928806161,3.7500726166657,3.50881198879061,4.34303417894352,3.86962244822347,0.802182987461786,1.72671317771162,5.93477423511875,2.05517438181141,2.6444987739562,1.70617097303866,2.68404217485357),(2017,2017,2.64852496425843,3.72908575822442,2.2104728033441,2.64419199348603,1.82712613247715,2.30915593956702,2.29101278803519,2.86263569539828,6.21244149665603,7.58407277447979,1.6703409500634,1.9868971551615,2.79937706595076,2.49470630338649,2.88263981506001),(2021,2026,5.30199191511351,5.03875087543647,6.41189822491404,4.05467577722229,5.67961185350035,7.75171459385845,4.84475559617824,8.87141116642603,1.50423696743134,2.90405041838091,3.58978857727486,9.70812982362708,4.8001185014074,6.87821381508175,4.41003459437117),(2022,2018,3.56877798640334,4.10325714644823,4.69368990370625,5.55590170535262,5.90264552284401,7.12630965903425,6.63588916770241,11.6972598828909,2.13130652076659,2.05463000801977,4.97739929992352,4.58392918332272,2.79211333223567,5.44964845673001,10.4941177942594),(2024,2024,5.10614290089032,4.63545506150605,6.65584368889431,5.54306423408328,6.06113472262953,4.62777554095461,4.35428224948584,7.52852369826565,2.38742098049693,2.81864639919361,6.00552456582587,4.43572235449103,5.64887290202852,4.16589638685676,4.25877971611156),(2025,2037,6.69,6.11,3.23,6.05,3.81,7.12,8.5,7.62,2.65,2.98,5.64,5.5,3.88,8.73,4.31),(2027,2023,3.96855072796415,4.57897344744413,6.66651015670669,4.81023189799564,5.22706139935275,5.52616759308754,5.44323021311229,6.95868786413127,2.18707629418569,2.75115614852767,5.13689250194581,5.86653443900245,4.14820252246934,6.20794762307509,4.19324151952649),(2028,2040,7.76704728580001,5.78740693505408,9.69374049101997,4.92335791907944,5.15313305319582,2.93959853115049,4.45912925761988,4.49662197548167,1.56234704178208,2.17221432985292,5.47665329124317,4.56835358514024,3.62382849664906,5.56525398239969,6.81165675492431),(2029,2038,4.81474873697438,4.03646178624369,6.02583778529494,5.79372034535267,5.65348998535648,6.87374819668007,6.52199637147375,7.26858490048989,2.37868053934202,1.7169025833766,5.61271026981241,3.76951590973801,6.9923540772795,5.26960254266981,4.63436946202444),(2035,2035,11.5534056664606,6.58316632329748,5.44053623548999,2.23976562338805,4.36572263301295,7.38057985173071,8.16496840448406,5.57115694993516,2.27090272171075,2.43435279884097,5.53050265325812,6.47789391199184,7.51282672451962,5.91219035766802,5.96318203987041),(2036,2036,6.1790721061033,4.8868377241242,4.53955413326514,5.16495653187769,5.37345309511564,6.64688870880688,6.34459307023149,3.38198788715453,2.88005940563967,1.79220048512604,4.07930965691845,6.08616272284189,4.76889058891853,6.17321226649866,5.77704919174122),(2039,2039,5.53885694614228,5.86317623886191,5.56067649496168,6.55527303862108,4.44026391221038,6.05609230275421,4.94736837044066,5.46944502529845,2.30994674741575,2.81542100690306,6.82972885093591,6.76668874960771,6.96664092311515,4.49577982995079,3.36221949402264),(2042,2042,1.55674663197277,1.53417708440949,1.70284652037785,2.3349033894944,1.57554239561945,1.75197407235798,1.06351944505505,1.7012832299678,3.9151530903681,7.004211938826,0.787020198910192,1.74172188112784,1.2610744853782,1.32165107284756,2.22669802527133),(2044,2050,2.89003187413759,1.94104211336029,2.8574582617278,2.06691432955456,3.24735303759509,3.71520824083628,5.02375624292611,6.30878393650005,1.90963899062036,2.03512257135524,2.79246717533158,3.60746371803723,1.74434361598783,2.30337149621512,3.2950971286268),(2048,2048,3.73860676633451,2.14383570866436,2.79892531265195,4.33837864141798,3.37938932985963,4.02457162629717,5.27112244887974,3.7420606927788,1.74092224137632,0.982657857852958,3.18587362612837,3.38905465710183,4.48666176575603,2.71251772788696,3.60327992479715),(2049,2051,4.21235269860729,3.1927603550232,3.56716026351338,3.81637716690473,3.41310719979011,0.996844333055562,3.23742512468306,7.71264946472353,1.81189911902288,0.872629318065966,2.86759116407189,3.5241472569263,1.70913830178912,3.55120379413205,4.21273510344807),(2050,2019,4.40388228291027,2.64879225471643,2.96529627452431,2.58220073616604,3.98447939868498,5.4923671896933,4.07573496553271,3.15249871537589,1.06265908935938,0.452827421216901,3.27817946827029,3.21203756299145,1.61453521435576,3.58391091370873,5.11134012282202),(2053,2064,3.9806478722264,4.10264263710309,4.72602991586189,3.88036485321612,4.19890147300158,6.61110932547221,4.36174705161401,2.25823176696927,2.39551632631037,1.70537871038828,3.25753654883552,1.92078658770927,4.2321388998204,3.72646677642948,5.84829337027734),(2054,2060,3.04079096063058,2.76372698108302,4.78350003097249,4.01901074952096,4.23294993265944,8.0909548343519,2.81545091375032,5.35072996319051,1.08584138332168,1.6315886209198,0.952792478205758,6.36525460562357,3.24283861124256,4.04631693689029,6.65783749868321),(2055,2061,4.91363002529512,4.28682348821402,3.0419093980633,1.36002796475143,5.26977261992792,4.04586285837193,6.39023161337494,4.97505905301923,1.70000614912182,2.05647951506335,0.967290208551835,5.48843114546639,2.71441555298128,3.76876047341402,2.67926191597461),(2058,2058,3.06797198968566,3.19601196136741,4.20622070882826,3.66458137315666,2.29884750249344,3.10812009379558,4.03306359165811,3.59039942152111,1.17907388684365,1.73421876224914,6.4862231203294,6.85915409563179,7.52432842087723,3.10304920152829,6.78261728415241),(2059,2059,3.57940504524812,3.77668214029259,1.43124216975146,2.84648168077528,2.95098116033908,6.34549807046021,7.92068884887541,1.37658348943766,1.39422204451402,1.62157414503041,3.36085348608059,5.86787547212345,2.62423710818262,4.38149044960922,5.46951655691688),(2063,2063,7.17210520340785,1.83765476811216,4.68735714266387,1.63141188419497,4.6040615425346,2.39920578289831,2.9359839197525,4.96612633041014,1.80401982515522,2.25814359715372,2.87280420472024,2.17204180604165,2.81147039718011,2.42646286477881,3.11292345358785);

/*Table structure for table `team` */

DROP TABLE IF EXISTS `team`;

CREATE TABLE `team` (
  `Id` int(11) NOT NULL auto_increment,
  `Name` varchar(30) NOT NULL,
  PRIMARY KEY  (`Id`)
) ENGINE=InnoDB AUTO_INCREMENT=89 DEFAULT CHARSET=utf8 ROW_FORMAT=DYNAMIC;

/*Data for the table `team` */

insert  into `team`(`Id`,`Name`) values (61,'South Africa'),(62,'Argentina'),(63,'England'),(64,'Germany'),(65,'Holland'),(66,'Italy'),(67,'Brazil'),(68,'Spain'),(69,'Mexico'),(70,'Nigeria'),(71,'USA'),(72,'Australia'),(73,'Denmark'),(74,'Paraguay'),(75,'Switzerland'),(76,'Uruguay'),(77,'South Korea'),(78,'Serbia'),(79,'Japan'),(80,'Ivory Coast'),(81,'France'),(82,'Greece'),(83,'Slovenia'),(84,'Ghana'),(85,'Cameroon'),(86,'Slovakia'),(87,'Portugal'),(88,'Chile');

/*!40101 SET SQL_MODE=@OLD_SQL_MODE */;
/*!40014 SET FOREIGN_KEY_CHECKS=@OLD_FOREIGN_KEY_CHECKS */;
